1,アフリカ大陸から東南アジアにかけて生息し、ネズミやハブを駆除する目的で沖縄に持ち込まれたが、活動時間の違いなどからハブの天敵とはならず、ヤンバルクイナなどの沖縄固有の希少種を捕食していたため、特定外来生物に指定されてしまった動物はなんでしょう？,□□□□□,マングース,こめず
2,沖縄県に生息している、天然記念物指定のヤマネコと言えば？,□□□□□ヤマネコ,イリオモテ,卍
3,シャムネコとペルシャネコを交配させてつくられた猫の品種を何という？,□□□□□,ヒラヤマン,卍
4,胴長短足の姿から「猫界のダックスフント」と呼ばれることもある猫の品種を何という？,□□□□□,マンチカン,卍
5,デビューから無敗で三冠を達成するなど、圧倒的な強さをみせたが、2006年の有馬記念を最後に引退をした競走馬といえば？,ディープ□□□□□,インパクト,卍
6,哺乳類の中で唯一卵を産み、世界一奇妙な哺乳類と呼ばれる生き物は？,□□□□□,カモノハシ,卍
7,国際宇宙ステーションへ物資を運ぶ日本の宇宙輸送船の愛称にもなっているヨーロッパでは赤ん坊を運ぶという言い伝えがある鳥は何でしょう？,□□□□□,コウノトリ,卍
8,高級食材のキャビアは何のタマゴでしょう？,□□□□□,チョウザメ,卍
9,頭上にある突起の先を光らせて餌となる生物を誘い寄せる深海にすむアンコウの仲間は「何アンコウ」？,□□□□□アンコウ,チョウチン,卍
10,「泳ぐ宝石」「金魚の王様」とも呼ばれる、頭にあるたくさんのこぶが特徴の金魚は何でしょう？,□□□□□,ランチュウ,卍
11,人が進む前へと飛ぶことから「ミチオシエ」とも呼ばれる、漢字で「斑猫」と書く昆虫は何でしょう？,□□□□□,ハンミョウ,卍
12,魚介類やベーコン、野菜などをオリーブオイルとニンニクで煮込んだスペイン料理は何でしょう？,□□□□□,アヒージョ,卍
13,ドイツのハンブルクで生まれたことから名付けられたという、日本でもおなじみの肉料理は何でしょう？,□□□□□,ハンバーグ,卍
14,ニンニクは英語でガーリック。ではからしを英語でなんと言う？,□□□□□(カタカナ),マスタード,卍
15,ニンニクは英語でなんという？,□□□□□(カタカナ),ガーリック,卍
16,西洋料理で食事の最初に出される「前菜」のことをフランス語で何というでしょう？,□□□□□(カタカナ),オードブル,卍
17,あまりの美味しさに感動した国王が称号を授けたとされる牛の腰肉を指す言葉は何でしょう？,□□□□□(カタカナ),サーロイン,卍
18,フランス料理などの用いられる食用のカタツムリのことをフランス語で何というでしょう？,□□□□□(カタカナ),エスカルゴ,卍
19,クジラは英語でホエール、ではマグロは英語で何でしょう？,□□□□□(カタカナ),シーチキン,卍
20,中国では「カオヤーツ」という、丸焼きにしたアヒルの皮をそぎ落としてネギなどと小麦粉の皮にくるんで食べる北京料理といえば何？,□□□□□,北京ダック,卍
21,イタリア語で「香りが良い」という意味がある、白ブドウの液を発酵させて熟成させた酢を何というでしょう？,□□□□□酢(カタカナ),バルサミコ,卍
22, 地元では「玉子焼」と呼ばれている、発祥の地である兵庫県の地名がつけられた、たこ焼きに似た食べ物は何でしょう？,□□□□□,あかしやき(明石焼き),卍
23,食用にされる二枚貝の牡蠣はその豊富な栄養価からついた俗称といえば？,□□□□□,海のミルク,卍
24,牡蠣は海のミルク、アボカドは？,□□□□□,森のバター,卍
25,中国料理などに用いられる塩漬けにして発酵させた牡蠣からつくる調味料を「何ソース」というでしょう？,□□□□□ソース(カタカナ),オイスター,卍
26,地元の言葉で「お父さん」という意味がある山形県鶴岡市特産の高級な枝豆は何でしょう？,□□□□□,だだちゃ豆,卍
27,とがずに炊けるお米のことを何米というでしょう？,□□□□□,むせんまい(無洗米),卍
28,１８６９年、フランスのナポレオン３世の募集に応じてバターの代用品として発明された食品は何でしょう？,□□□□□,マーガリン,卍
29,肉や魚を使わず植物性の材料だけで作る料理を何料理と言うでしょう？,□□□□□料理(ひらがな),しょうじん(精進),卍
30,２０世紀の後半から急速に広まった、節分の夜にその年ごとに決まった方角に向かって目を閉じて一言も喋らず、願い事を思い浮かべながら食べる巻き寿司の太巻きをなんという？,□□□□□(ひらがな),えほうまき(恵方巻き),卍
31,エスプレッソコーヒーに泡立てたミルクを加えたイタリア生まれの飲み物を何というでしょう？,□□□□□,カプチーノ,卍
32,北海道では、ピーチリキュールをウーロン茶で割ったお酒「レゲエパンチ」のことを何という？,□□□□□,クーニャン,卍
33,ワインをその色から大きく３つに分けると赤ワイン、白ワインとあと一つは？,□□□□□,ロゼワイン,卍
34,２００７年に日本版が発売された、「三つ星」評価付きの旅行ガイドブックのことを何ガイドという？,□□□□□,ミシュラン,卍
35,日本列島を囲む４つの海といえば太平洋、日本海、東シナ海とあと１つは何でしょう？,□□□□□海,オホーツク,卍
36,メラネシア ミクロネシア ポリネシアの島々とオーストラリア ニュージーランドを総称して何というでしょう？,□□□□□,オセアニア,卍
37,アフリカ大陸最高峰キリマンジャロの山頂が在る国はどこ？,□□□□□,タンザニア,卍
38,ユーラシア大陸の東の端にある国はロシアですが、西の端がある国はどこでしょう？,□□□□□,ポルトガル,卍
39,オーストラリアの首都はどこでしょう？,□□□□□,キャンベラ,卍
40,スリランカの首都はどこ？,スリジャヤワルダナ□□□□□,プラコッテ,卍
41,ブラジルの首都はどこ？,□□□□□,ブラジリア,卍
42,16世紀日本に初めて鉄砲が伝わったとされる島と言えば？,□□□□□(ひらがな),たねがしま(種子島),卍
43,1996年、世界遺産（文化遺産）に登録され、海中の鳥居で有名な広島県の神社は？,□□□□□神社(ひらがな),いつくしま(厳島),卍
44,ノルウェーの探検家。1911年、イギリスの探検家スコットに先駆けて、世界で初めて南極点に到達。北極点にはアメリカの探検家ピアリが1909年に初到達。この人物は誰？,□□□□□,アムンゼン,卍
45,アメリカが発見される前は、世界の一番西のはじとされていたカナダ群島のイエロ島、現在はイギリスのグリニッジ天文台跡を通過する子午線がこれにあたるものといえば何？,□□□□□,本初子午線,卍
46,アジアとヨーロッパを合わせた地球上で最も大きい大陸は何大陸でしょう？,□□□□□大陸,ユーラシア,卍
47,正式名称は「成趣園」という、東海道五十三次を表した石と水の庭園は何処？,□□□□□,水前寺公園,卍
48,かつてロンドンの郊外にあり、経度０度の基準となった天文台は何でしょう？,□□□□□天文台,グリニッジ,卍
49,１８６９年に開通した世界最長の運河の名前は何でしょう？,□□□□□,スエズ運河,卍
50,コカ・コーラが本社を置いているアメリカの都市で、1996年にはオリンピックが開かれたのはどこ？,□□□□□,アトランタ,卍
51,アメリカとカナダの国境にある世界三大瀑布（ばくふ）　アメリカとカナダの国境にまたがる世界三大瀑布のひとつに数えられる滝の名前は何でしょう？,□□□□□の滝,ナイアガラ,卍
52,アメリカのアリゾナ州にあるコロラド川の侵食によってできた世界遺産の大峡谷を何というでしょう？,グランド・□□□□□,キャニオン,卍
53,アメリカ、文化遺産、1984年、右手にたいまつを挙げていることで有名な元々はフランスからの贈り物というニューヨークの象徴とも言える像の名は？,□□□□□像,自由の女神,卍
54,1992年、メール王朝の遺跡群で、カンボジアにある世界遺産（文化遺産）は？,□□□□□,アンコール,卍
55,２０１４年、世界文化遺産に登録された、高品質な生糸（きいと）の大量生産の実現に貢献した工場の名前は？,□□□□□,富岡製糸場,卍
56,メトロポリタン美術館が敷地内に建つ、マンハッタンにある有名な公園といえば何パーク？,□□□□□パーク,セントラル,卍
57,大阪市浪速区にある通天閣を中心とした歓楽街を何というでしょう？,□□□□□(ひらがな),しんせかい(新世界),卍
58,東京都に属する伊豆七島は、北から順に、大島、利島、新島、神津島、三宅島、御蔵島、とあと１つは何でしょう？,□□□□□島(ひらがな),はちじょう(八丈),卍
59,航海図によく使用されるオランダの地理学者の名前がつけられた地図投影法を「何図法」というでしょう？,□□□□□図法,メルカトル,卍
60,スイスやオーストリアのように永久に他の国の戦争に関わらないことを宣言している国を何というでしょう？,□□□□□,永世中立国,卍
61,１７世紀、フランス国王ルイ１４世がパリの郊外に建設した世界遺産にも登録されている宮殿の名前は何でしょう？,□□□□□宮殿,ベルサイユ,卍
62,かつて南アメリカ大陸にあると信じられていた、黄金郷のことを何というでしょう？,□□□□□,エルドラド,卍
63,イギリスの国会議事堂にある時計台の鐘の愛称は何？,□□□□□,ビッグベン,卍
64,北アメリカ大陸にある五大湖の中で、最も面積が大きいのはスペリオル湖ですが、最も面積が小さいのは何という湖でしょう？,□□□□□湖,オンタリオ,卍
65,アメリカとカナダにまたがる五大湖とは、オンタリオ湖、ミシガン湖、ヒューロン湖、エリー湖とあと1つは何？,□□□□□湖,スペリオル,卍
66,アメリカとカナダにまたがる五大湖とは、スペリオル湖、オンタリオ湖、ミシガン湖、エリー湖とあと1つは何？,□□□□□湖,ヒューロン,卍
67,ヒンドゥー教では「聖なる川」とされるインドの北部から東部を流れる大河は何でしょう？,□□□□□,ガンジス川,卍
68,ビートルズが結成された土地としても知られるイギリス北西部の港湾都市はどこでしょう？,□□□□□,リバプール,卍
69,ガリレオが物を落とす実験をしたイタリアの傾いた塔といえば何？,□□□□□,ピサの斜塔,卍
70,オリンピックの旗「五輪旗」に描かれている５つの輪の色は左から？,□□□□□,青黄黒緑赤,卍
71,卓球やテニス、バドミントンなどでチャンスボールをおもいっきり相手に打ち込むことをなんというでしょう？,□□□□□,スマッシュ,卍
72,スポーツの審判の呼び方でサッカーやボクシングはレフリー、では野球はカタカナでなんと言うでしょう？,□□□□□,アンパイア,卍
73,「がんばれ元気」「リングにかけろ」「はじめの一歩」「あしたのジョー」といえばどんなスポーツの漫画でしょう？,□□□□□,ボクシング,卍
74,スポーツの後の疲労回復などのために筋肉を氷で冷やすことを一般になんという？,□□□□□,アイシング,卍
75,スポーツ選手が運動能力を高めるため禁じられた薬物を用いる不正行為を英語で何というでしょう？,□□□□□,ドーピング,卍
76,音楽に合わせて滑るスケート競技のひとつで、氷上に図形を描くようにすべることからこの名がついた競技を何スケートというでしょう？,□□□□□スケート,フィギュア,卍
77,格闘技と音楽、ダンスの要素が融合したブラジル発祥の格闘技と言えば？,□□□□□,カポエイラ,卍
78,柔道の投げ技で、相手の片腕をつかみ、背負って投げる技を何という？,□□□□□,一本背負い,卍
79,「伝教大師」と呼ばれる平安時代の僧で、比叡山に延暦寺を建立し、天台宗の開祖となったのは誰でしょう？,□□□□□(ひらがな),さいちょう(最澄),卍
80,水鳥の生息地として国際的に重要な湿地を守るための条約をイランの地名をとって、「何条約」というでしょう？,□□□□□条約,ラムサール,卍
81,メソポタミア文明の遺跡などから発見された古代文字をある道具に形が似ていることから「何文字」というでしょう？,□□□□□文字(ひらがな),くさびがた(楔形),卍
82,第一次世界大戦後に戦勝国とドイツとの間で1919年に結ばれた条約は？,□□□□□条約,ベルサイユ,卍
83,１３世紀頃に成立し、クスコを首都して栄えた南米大陸の帝国の名前は何でしょう？,□□□□□,インカ帝国,卍
84,推古天皇の時代の聖徳太子のように天皇に代わって政治を行う役職のことを何というでしょう？,□□□□□(ひらがな),せっしょう(摂政),卍
85,645年に中臣鎌足（なかとみの　かまたり）らとともに蘇我（そが）氏を倒して「大化の改新」を推進。即位して「天智（てんじ）天皇」となり、最初の戸籍である「庚午年籍（こうごねんじゃく）」を作成した。この人物は誰？,□□□□□,中大兄皇子(なかのおおえのおうじ),卍
86,制定された年号から「貞永式目」とも呼ばれる、鎌倉時代に発布された武士のための法律は何？,□□□□□,御成敗式目,卍
87,ギリシャの哲学者。「無知の知」によって、普遍的真理の存在を唱えた。その思想は「国家」のプラトンに受け継がれた。この人物は誰？,□□□□□,ソクラテス,卍
88,歌舞伎や落語で、親または師匠などの名前を継ぐことを何と呼ぶ？,□□□□□(ひらがな),しゅうめい(襲名),卍
89,金字塔とも呼ばれるエジプトの巨大な建造物をなんと言う？,□□□□□,ピラミッド,卍
90,１９４５年２月、ルーズベルト、チャーチル、スターリンの３人の首脳がクリミア半島南部で行った会談を何というでしょう？,□□□□□,ヤルタ会談,卍
91,満25歳以上すべての男子に選挙権が与えられた、1925年に制定された法律は何？,□□□□□,普通選挙法,卍
92,１５８２年ローマ教皇がそれまでのユリウス暦を改良して制定した暦のことをその教皇の名前から「何暦」というでしょう？,□□□□□暦,グレゴリオ,卍
93,日本漢字能力検定協会のキャンペーンとして、毎年12月に発表される今年の漢字について、2015年から2019年の漢字は何でしょう？,□・□・□・□・□,安金北災令,こめず
94,日本漢字能力検定協会のキャンペーンとして、毎年12月に発表される今年の漢字について、2010年から2014年の漢字は何でしょう？,□・□・□・□・□,暑絆金輪税,こめず
95,日本漢字能力検定協会のキャンペーンとして、毎年12月に発表される今年の漢字について、2005年から2009年の漢字は何でしょう？,□・□・□・□・□,愛命偽変新,こめず
96,日本漢字能力検定協会のキャンペーンとして、毎年12月に発表される今年の漢字について、2000年から2004年の漢字は何でしょう？,□・□・□・□・□,金戦帰虎災,こめず
97,日本漢字能力検定協会のキャンペーンとして、毎年12月に発表される今年の漢字について、1995年から1999年の漢字は何でしょう？,□・□・□・□・□,震食倒毒末,こめず
98,１９８９年に壊された東ドイツと西ドイツを分けていた壁といえば？,□□□□□壁,ベルリンの,卍
99,１８８９年に制定されたわが国最初の憲法は何というでしょう？,□□□□□憲法,大日本帝国,卍
100,イギリスの思想家トマス・モアの小説の題名に由来する理想的な社会を指す言葉は何でしょう？,□□□□□,ユートピア,卍
101,16世紀イタリアの画家・彫刻家。教会や宮廷の装飾壁画に優美な作品を残した。多くの聖母子像の他、古代ギリシャの哲学者たちを描いた「アテネの学堂」がある。この人物は誰？,□□□□□,ラファエロ,卍
102,19世紀フランスのロマン主義画家。強烈で美しい色彩で動的な構図を描いた。ギリシャ独立戦争を描いた「キオス島の虐殺」や七月革命を題材とした「民衆をみちびく自由の女神」など。この人物は誰？,□□□□□,ドラクロワ,卍
103,画家のゴッホと共同生活を送っていた時期もある、代表作に「タヒチの女」がある画家は誰？,ポール・□□□□□,ゴーギャン,卍
104,ピカソ、「立体派」とも呼ばれる、ピカソやブラックが創始した現代美術は何？,□□□□□,キュビズム,卍
105,長椅子の裸婦、貧しき娘、青い服の少女,□□□□□,モジリアニ,卍
106,美術において、対象を短時間で素早く描くこと、またはその絵のことをフランス語で何という？,□□□□□,クロッキー,卍
107,17世紀後半からヨーロッパで人気を博した、中国風の美術工芸品は？,□□□□□,シノワズリ,卍
108,ルーブル美術館に展示されている、両腕の欠けた有名な石像は何？,ミロの□□□□□,ヴィーナス,卍
109,「最後の晩餐」「モナリザ」で知られるルネッサンスを代表する人物と言えば誰でしょう？,□□□□□・ダ・ヴィンチ,レオナルド,卍
110,イタリア・ミラノのサンタ・マリア・デッラ・グラツィ教会にある、キリストと弟子達の様子が描かれているダ＝ヴィンチの壁画は何？,□□□□□,最後の晩餐,卍
111,ピカソの「泣く女」のモデル、フランスの写真家、画家,□□・□□□,ドラマール,卍
112,17世紀のスペインを代表する画家で「ラス・メニーナス」などの絵で知られるのは誰？,ディエゴ・□□□□□,ベラスケス,卍
113,ディエゴ・リベラ、ホセ・クレメンテ・オロスコらとともにメキシコ三大壁画家,ダビッド・アルファロ・□□□□□,シケイロス,卍
114,別名を「やわらかい時計」という、スペインの画家サルバドール・ダリが描いた絵画は何？,□□□□□,記憶の固執,卍
115,イタリア語で「事務所」という意味をもつ、ボッティチェリの「春」などの作品を蔵していることでも知られるフィレンツェにある美術館はどこ？,□□□□□美術館,ウフィツィ,卍
116,美術大学に通う学生たちの恋模様を描いた、羽海野チカの代表作は「ハチミツと何」？,ハチミツと□□□□□,クローバー,卍
117,実現不可能な計画のたとえにも使われる旧約聖書の「創世記」に登場する巨大の塔を何というでしょう？,□□□□□,バベルの塔,卍
118,古代ギリシャでは地震の神とされていたことから「大地を揺さぶるもの」という意味がある、ギリシャ神話の海の主神といえば何？,□□□□□,ポセイドン,卍
119,ローマ神話に登場する「愛と美の女神」の名前は何でしょう？,□□□□□,ヴィーナス,卍
120,森喜朗（もりよしろう）内閣の後を受けて2001年に組閣。「聖域なき構造改革」を掲げて、郵政・道路公団民営化を推進した。この人物は誰？　,□□□□□,小泉純一郎,卍
121,国民栄誉賞受賞者や、記念館があることでも知られる、やわらや、川の流れのようにがヒット曲の昭和の大スターといえば誰？,□□□□□,美空ひばり,卍
122,アンパンマンに登場するキャラクター「かまめしどん」のモチーフにもなっている、群馬県安中市にある「荻野屋」が製造・販売する駅弁の名前は？,□□□□□,峠の釜めし,卍
123,週刊少年ジャンプに連載され、小学生を中心に空前の囲碁ブームを起こした漫画のタイトルは何？,□□□□□,ヒカルの碁,卍
124,人気アニメ「名探偵コナン」で工藤新一が幼児化してしまった米花市にあるテーマパークといえば？,□□□□□ランド,トロピカル,卍
125,人気アニメ「名探偵コナン」でコナンがいつも着用している、変声機にもなるアイテムといえば？,□□□□□,蝶ネクタイ,卍
126,人気アニメ「NARUTO -ナルト-」で我愛羅が背負っている常に砂が入ったものは何？,□□□□□(ひらがな),ひょうたん(瓢箪),卍
127,人気アニメ「NARUTO -ナルト-」でネジと戦った「東門」の異名を持つ音の五人衆といえば？,□□□□□,きどうまる,卍
128,人気アニメ「NARUTO -ナルト-」でナルトの口癖といえば「だってばよ」ですが、ナルトの母親うずまきクシナの口癖といえば？,□□□□□,だってばね,卍
129,人気アニメ「NARUTO -ナルト-」で我愛羅の兄の傀儡師といえば？,□□□□□,カンクロウ,卍
130,人気アニメ「NARUTO -ナルト-」で日向一族のみに伝わる瞳術といえば？,□□□□□(ひらがな),びゃくがん(白眼),卍
131,人気アニメ「NARUTO -ナルト-」でナルトが一尾の守鶴と戦うために口寄せしたガマ吉とガマ竜の父親の大きなカエルといえば？,□□□□□,ガマブン太,卍
132,人気アニメ「NARUTO -ナルト-」で八尾・牛鬼を宿した人柱力といえば？,□□□□□,キラービー,卍
133,とっとこ～♪走るよ、〇〇〇〇〇♪　空欄を埋めよ。,□□□□□(ひらがな),はむたろう(ハム太郎),マイキー
134,あることがきっかけで、死んだと思われていた父が優秀なハンターとして活躍していることを知り、その職業に憧れを抱き故郷を旅立つ冒険活劇を描いた漫画「HUNTER×HUNTER」の主人公の名前は？,ゴン=□□□□□,フリークス,マイキー
135,アニメ巨人の星で父・星一徹がひっくり返すことでも知られる家具といえば何？,□□□□□(ひらがな),ちゃぶだい,卍
136,1984年にジブリが公開した映画で人と自然との関係をあからさまに描いた物語で有名な宮崎駿さんの作品で王蟲が登場する作品は何？,□□□□□のナウシカ(ひらがな),かぜのたに(風の谷),マイキー
137,2008年に公開されたジブリ映画で、海沿いの街を舞台に「人間になりたい」と願う魚の子と5歳児の少年・宗介との関係を描いた作品は何？,□□□□□のポニョ(ひらがな),がけのうえ(崖の上),マイキー
138,モロの君、エボシ御前等のキャラクターが登場、エミシ村の少年アシタカと狼に育てられた少女サンとの関係や人と森、村の関係を描いたジブリの映画タイトルは何？,□□□□□,もののけ姫,マイキー
139,ハク、カオナシ、湯婆婆などのキャラクターが登場する、スタジオジブリの映画は何？,千と千尋の□□□□□(ひらがな),かみかくし(神隠し),卍
140,1975年に熊本県で生まれの漫画家で、血液型はＡ型、妻は元モデルの稲葉ちあきで愛称は尾田っちで親しまれるワンピースの作者は？,□□□□□,尾田栄一郎,マイキー
141,人気アニメ「名探偵コナン」で江戸川コナンを担当している声優は？,□□□□□,高山みなみ,卍
142,海外では「メガマン」というタイトルで発売された、カプコンのゲームシリーズは何？,□□□□□,ロックマン,卍
143,ポケットモンスターシリーズにおける、主人公サトシのパートナーでアニメシリーズではよく10万ボルトを使う電気タイプのねずみポケモンの名前は？,□□□□□,ピカチュウ,マイキー
144,ポケットモンスターシリーズにおけるポケモンで、主人公サトシのセリフ「弱い〇〇〇〇〇はいらない！！」でよく知られるほのお・ひこうタイプのポケモンの名前はなに？,□□□□□,リザードン,マイキー
145,ポケットモンスター第一世代の御三家の一体で、御三家では珍しく最初から2つのタイプを持つポケモンの名前は？,□□□□□,フシギダネ,マイキー
146,ポケットモンスター第一世代のポケモンで、技「はねる」で有名なボロのつりざおでよく釣れる水ポケモンの名前は？,□□□□□,コイキング,マイキー
147,ポケットモンスター第一世代のポケモンで、してんのうのワタルやチャンピオンのグリーン、ミクリが手持ちとして繰り出してき、金銀シリーズでは「いかりの湖」にて確定の色違いシンボルとして登場し、技「りゅうのまい」で積み「たきのぼり」で壊滅させてくる進化前が弱いで有名なみず・ひこうタイプのポケモンの名前は？,□□□□□,ギャラドス,マイキー
148,ポケットモンスター第一世代のポケモンで600族として知られる、図鑑説明では地球をマッハ2の速度で周るスピードを持っているが、種族値の面ではグラードンよりも遅いドラゴン・ひこうタイプのポケモンの名前は？,□□□□□,カイリュー,マイキー
149,ポケットモンスター第一世代のポケモンで伝説の三鳥の一体でこおり・ひこうタイプのポケモンは？,□□□□□,フリーザー,マイキー
150,ポケットモンスター第一世代のポケモンで伝説の三鳥の一体に数えられ、Lv51で「にらみつける」を覚え、ネタとして扱われがちなほのお・ひこうタイプのポケモンの名前は？,□□□□□,ファイヤー,マイキー
151,ポケットモンスター第一世代における最強のポケモンで、映画ではリメイク含め３作品に出演し、研究者によって人工的に生み出された悲しい過去をもつエスパータイプのポケモンの名前は？,□□□□□,ミュウツー,マイキー
152,人気RPG「ドラゴンクエスト」シリーズで自分に向けられた呪文を何度でも跳ね返す呪文は？,□□□□□,マホカンタ,卍
153,人気RPG「ドラゴンクエスト」シリーズで戦闘中に唱えても何が起こるかわからないという呪文は？,□□□□□,パルプンテ,卍
154,人気RPG「ドラゴンクエスト」シリーズで味方の攻撃力を上昇させる呪文は？,□□□□□,バイキルト,卍
155,「ドラクエ9」以降ギラ系の代わって登場した闇系の呪文のうち最も強力なのは？,□□□□□,ドルマドン,卍
156,スプラトゥーンの武器の名称で、オクタ、スプラ、プライム、わかば、もみじ、ヒーローなどの接尾語に入る名前は？,□□□□□,シューター,卍
157,人気ゲーム「スプラトゥーン」のガチマッチでステージ中央にあるヤグラを相手チームのゴールまで運ぶ競技は？,□□□□□,ガチヤグラ,卍
158,人気ゲーム「スプラトゥーン」のガチマッチで指定されたエリアを占拠した時間を競うといえば？,□□□□□,ガチエリア,卍
159,人気ゲーム「スプラトゥーン２」のガチマッチでステージに散らばった「アサリ」を拾い、相手チームのゴールに入れていく競技は？,□□□□□,ガチアサリ,卍
160,英語では「マジックスクエアー」という縦横斜めの各列の合計が同じ数になるように作られたパズルを何という？,□□□□□,まほうじん(魔法陣),卍
161,トランプのゲーム「ポーカー」で、ワンペアとスリーカードが同時にできた役をなんと言うでしょう？,□□□□□,フルハウス,卍
162,最近はインターネット上で対決もできるという、アメリカのチャールズ・Ｂ・ダロウが発明した、不動産の独占を争うボードゲームといえば何？,□□□□□,モノポリー,卍
163,キリスト教会の高級聖職者の帽子をかたどっていることからその名が付いた、チェスで斜め四方に動くことのできる駒といえば何？,□□□□□,ビショップ,卍
164,ファッション雑誌の名前にもなっているフランス語で「流行」という意味の言葉は何でしょう？,□□□□□,VOGUE,卍
165,誰かと物事を行うときお互いの気持ちがぴったり合うことを吐く息と吸う息にたとえて何というでしょう？,□□□□□,阿吽の呼吸,卍
166,馬にありがたい念仏を聞かせても無駄。いくら意見をしても全く効き目がない人もいるということの例え,□□□□□に念仏(ひらがな),うまのみみ(馬の耳),卍
167,ごくわずかなものでも、数多く積もって重なれば大きなものになることの例え,塵も積もれば□□□□□(ひらがな),やまとなる(山となる),卍
168,本当に才能や能力がある人は、軽々しくわざわざ見せびらかしたりしないという例え,□□□□□爪を隠す,能ある鷹は,卍
169,いつもニコニコしている人には自然に幸運が訪れるということを何というでしょう？,□□□□□福来る,笑う門には,卍
170,何か隠し事をしようとしても、どこで誰が見たり聞いたりしているかわからないということ。秘密はとにかく漏れやすいという例え,□□□□□障子に目あり,壁に耳あり,卍
171,目先の細かい部分にこだわりすぎて、大きく全体や本質が見えていない様子の例え。,□□□□□を見ず,木を見て森,卍
172,三人集まれば良い考えが出るという意味のことわざは、「三人寄れば何」でしょう？,三人寄れば□□□□□,文殊の知恵,卍
173,手紙などの返事がないことを「投げた小石のように帰ってこない」という意味で何というでしょう？,□□□□□,梨のつぶて,卍
174,人を連れ戻しに出かけた者がそのまま帰ってこなくなることを「何がミイラになる」というでしょう？,□□□□□がミイラになる,ミイラ取り,卍
175,物事を続けざまに素早く行うことを矢を続けて射る様子にたとえて何というでしょう？,□□□□□(ひらがな),やつぎばや(矢継ぎ早),卍
176,厚生労働省の認可を受けた食品の「トクホ」とは何という言葉を略したものでしょう？,□□□□□食品,特定保健用,卍
177,ことわざで、これだと思う人を選ぶ時に立てるのはどんな矢でしょうか？,□□□□□,しらはのや(白羽の矢),卍
178,「猫に小判」と同じ意味のことわざ。,□□□□□に念仏(ひらがな),うまのみみ(馬の耳),卍
179,うるさい人がいないスキに一休みするということわざ。何というでしょう？,□□□□□間に洗濯(ひらがな),おにのいぬ(鬼の居ぬ),卍
180,日が照っているのに雨が降る天気のことを何,□□□□□,狐の嫁入り,卍
181,できる限りのことを全力で行い結果は天の意思に任せるということを「人事を尽くして何」というでしょう？,人事を尽くして□□□□□,天命を待つ,卍
182,恥をかいたうえにまた恥をかくことを何というでしょう？,□□□□□,恥の上塗り,卍
183,物事が限界に達して、それ以上に伸びなくなることを、体の一部を使って何というでしょう？,□□□□□(ひらがな),あたまうち(頭打ち),卍
184,聞くのと見るのとでは大違いであるということ,□□□□□見て地獄,聞いて極楽,卍
185,滅びる寸前の状態の例え,□□□□□,風前の灯火,卍
186,世の中悪い事の後にはいい事も有るということを、賽子に例えて,□□□□□(数字は漢数字で),一の裏は六,卍
187,人に勘定を多く払わせて自分は少なくて済ますことを、或る鳥を使って何,□□□□□,百舌鳥勘定,卍
188,元々はセミやヘビの抜け殻という意味がある人が抜け出した後の寝床や住居のことを何というでしょう？,□□□□□,もぬけの殻,卍
189,驚いてきょとんとしている様子のことを鳥にたとえて何というでしょう？,□□□□□を食ったよう,鳩が豆鉄砲,卍
190,「余計な手出しはしない方がよい」という教えを「触らぬ神に何」という？,□□□□□(ひらがな),たたりなし(祟りなし),卍
191,実力のほぼ等しい三人が、互いに入り乱れて争うことを何というでしょう？,□□□□□(ひらがな),みつどもえ(三つ巴),卍
192,我慢してきた怒りが限界に達して爆発することを「何が切れる」というでしょう？,□□□□□が切れる,堪忍袋の緒,卍
193,「よう」とも呼ばれる「幻」、「幽」などの漢字に共通する部首は何？,□□□□□,いとがしら,こめず
194,「宙」、「安」などの漢字に共通する部首は何？,□□□□□,うかんむり,こめず
195,「考」、「老」などの漢字に共通する部首は何？,□□□□□,おいがしら(おい、おいかんむり),こめず
196,「つりばし」とも呼ばれる「也」、「乱」、「乞」などの漢字に共通する部首は何？,□□□□□,おつにょう,こめず
197,「きん、おの」とも呼ばれる「斧」、「断」などの漢字に共通する部首は何？,□□□□□,おのづくり,こめず
198,「奴」、「好」などの漢字に共通する部首は何？,□□□□□,おんなへん(おんな),こめず
199,「がつ、がつへん、いたちへん」とも呼ばれる「残」、「殊」などの漢字に共通する部首は何？,□□□□□,かばねへん,こめず
200,「髪」、「髭」などの漢字に共通する部首は何？,□□□□□,かみがしら(かみかんむり),こめず
201,「じゅう、じゅうあし」とも呼ばれる「禺」、「禽」などの漢字に共通する部首は何？,□□□□□,ぐうのあし,こめず
202,「国」、「回」などの漢字に共通する部首は何？,□□□□□,くにがまえ,こめず
203,「転」、「軌」などの漢字に共通する部首は何？,□□□□□,くるまへん(くるま),こめず
204,「いぬへん」ともよばれる「狼」、「猫」などの漢字に共通する部首は何？,□□□□□,けものへん,こめず
205,「防」、「限」などの漢字に共通する部首は何？,□□□□□,こざとへん(こざと),こめず
206,「複」、「被」などの漢字に共通する部首は何？,□□□□□,ころもへん(ころも),こめず
207,「うお、うおへん」とも呼ばれる「鮮」、「鯨」などの漢字に共通する部首は何？,□□□□□,さかなへん,こめず
208,「けかざり」とも呼ばれる「形」、「彦」などの漢字に共通する部首は何？,□□□□□,さんづくり,こめず
209,「よく」とも呼ばれる「式」、「弐」などの漢字に共通する部首は何？,□□□□□,しきがまえ,こめず
210,「意」、「慕」などの漢字に共通する部首は何？,□□□□□,したごころ(こころ),こめず
211,「礼」、「神」などの漢字に共通する部首は何？,□□□□□,しめすへん(しめす),こめず
212,「飲」、「館」などの漢字に共通する部首は何？,□□□□□(しょく),しょくへん,こめず
213,「しんにゅう」とも呼ばれる「逆」、「運」などの漢字に共通する部首は何？,□□□□□,しんにょう,こめず
214,「はしる」とも呼ばれる「起」、「超」などの漢字に共通する部首は何？,□□□□□,そうにょう,こめず
215,「え、こう」とも呼ばれる「巩」、「巧」などの漢字に共通する部首は何？,□□□□□,たくみへん(たくみ),こめず
216,「単」、「営」などの漢字に共通する部首は何？,□□□□□,つかんむり(つ),こめず
217,「韓」、「韋」などの漢字に共通する部首は何？,□□□□□,なめしがわ,こめず
218,「ちょう」とも呼ばれる「鬯」、「鬱」などの漢字に共通する部首は何？,□□□□□,においざけ,こめず
219,「ひとあし」とも呼ばれる「元」、「兄」などの漢字に共通する部首は何？,□□□□□,にんにょう,こめず
220,「釈」、「釉」などの漢字に共通する部首は何？,□□□□□,のごめへん(のごめ),こめず
221,「匠」、「匡」などの漢字に共通する部首は何？,□□□□□,はこがまえ,こめず
222,「発」、「登」などの漢字に共通する部首は何？,□□□□□,はつがしら,こめず
223,「なかれ」とも呼ばれる「母」、「毎」などの漢字に共通する部首は何？,□□□□□,ははのかん(はは),こめず
224,「のかんむり、の」などとも呼ばれる、「乗」、「乏」、「久」などの漢字に共通する部首は何？,□□□□□,はらいぼう,こめず
225,「羚」、「羯」などの漢字に共通する部首は何？,□□□□□,ひつじへん(ひつじ),こめず
226,「わりふ、まげわりふ」とも呼ばれる「印」、「即」、「厄」などの漢字に共通する部首は何？,□□□□□,ふしづくし,こめず
227,「肇」、「肆」などの漢字に共通する部首は何？,□□□□□,ふでづくり(ふで),こめず
228,「ち、すいにょう、なつあし」とも呼ばれる「夏」、「変」などの漢字に共通する部首は何？,□□□□□,ふゆがしら,こめず
229,「るまた」とも呼ばれる「殴」、「段」などの漢字に共通する部首は何？,□□□□□,ほこづくり,こめず
230,「かわ」とも呼ばれる「巡」、「州」などの漢字に共通する部首は何？,□□□□□,まがりかわ(まげかわ),こめず
231,「豹」、「貂」などの漢字の部首は？,□□□□□,むじなへん(むじな),こめず
232,「かどがまえ」とも呼ばれる「間」、「関」などの漢字に共通する部首は何？,□□□□□,もんがまえ(もん),こめず
233,「病」、「痛」などの漢字に共通する部首は何？,□□□□□,やまいだれ,こめず
234,「写」、「冗」などの漢字に共通する部首は何？,□□□□□,わかんむり,こめず
235,「顰蹙」の読み方は？,□□□□□,ひんしゅく,卍
236,「矍鑠」の読み方は？,□□□□□,かくしゃく,卍
237,「提灯」の読み方は？,□□□□□,ちょうちん,卍
238,2020年のオリンピック最終プレゼンで滝川クリステルが使い、流行した言葉は何？,□・□・□・□・□,おもてなし,卍
239,大正～昭和時代の小説家。菊池寛（きくちかん）らとともに、新思潮派と呼ばれる。「鼻」・「羅生門（らしょうもん）」など、古典に題材を得た作品を多く発表した。この人物は誰？,□□□□□,芥川龍之介,卍
240,地獄に落ちたカンダタという男やお釈迦さまが登場する芥川龍之介の小説は何でしょう？,□□□□□(ひらがな),くものいと(蜘蛛の糸),卍
241,明治～昭和時代の小説家。武者小路実篤（むしゃのこうじさねあつ）や有島武郎（ありしまたけお）らとともに白樺（しらかば）派（人道主義・理想主義を掲げる）を代表する人物。代表作に、「城（き）の崎（さき）にて」、「暗夜行路（あんやこうろ）」（唯一の長編小説）がある。この人物は誰？,□□□□□(ひらがな),しがなおや(志賀直哉),卍
242,明治～昭和時代の小説家。「すみだ川」の永井荷風（ながいかふう）とともに耽美（たんび）主義の代表的作家。代表作に、「刺青（しせい）」、「春琴抄（しゅんきんしょう）」、大阪船場の旧家の四姉妹を描いた「細雪（ささめゆき）」がある。この人物は誰？,□□□□□,谷崎潤一郎,卍
243,昭和時代の小説家。オホーツク海で操業する船を舞台にした「蟹工船（かにこうせん）を発表し、プロレタリア文学の代表者として活躍した。特高警察に捕らえられ、拷問を受けて死亡。この人物は誰？,□□□□□,小林多喜二,卍
244,1994年、ノーベル文学賞、『個人的な体験』『万延元年のフットボール』など、詩趣に富む表現力を持ち、現実と虚構が一体となった世界を創作して、読者の心に揺さぶりをかけるように現代人の苦境を浮き彫りにした功績に対して,□□□□□,大江健三郎,卍
245,ディズニーアニメにもなった、ルイス・キャロルの世界的ベストセラー小説は何？,□□□□□のアリス,不思議の国,卍
246,レストラン「山猫軒」を舞台にした宮沢賢治の代表作は何でしょう？,□□□□□料理店,注文の多い,卍
247,フランス語で「もっと」「再び」などの意味があるコンサートで、アーティストが退場した後に観客が再演を求めることを何というでしょう？,□□□□□,アンコール,卍
248,スキヤキ・ソングの名で全米リリースされ、ビルボード・チャートにてNo.１を獲得した坂本九さんの曲といえば？,□□□□□歩こう,上を向いて,卍
249,2007年の紅白歌合戦に出演した総勢48人の秋葉原をホームグラウンドにした大型ユニットといえば？,□□□□□,AKB48,卍
250,アニメ映画「映画ドラえもん のび太の恐竜2006」の主題歌となった、スキマスイッチの曲は何？,□□□□□,ボクノート,卍
251,母親に「色の名前が入ったグループは売れる」と言われそのグループ名にした、「ロコローション」などのヒット曲があるグループは？,ORENGE □□□□□,RENGE,卍
252,2011年にメジャーデビューした４人組のバンドで、メンバーがFukase、Nakajin、Saori、DJ LOVEといえば何？,□□□□□ NO OWARI,SEKAI,卍
253,111×111＝?,□□□□□,12321,マイキー
254,√2を小数第5位を四捨五入して小数第4位まで答えよ。,□.□□□□,14142,マイキー
255,√3を小数第5位を四捨五入して小数第4位まで答えよ。,□.□□□□,17321,マイキー
256,√5を小数第5位を四捨五入して小数第4位まで答えよ。,□.□□□□,22361,マイキー
257,√7を小数第5位を四捨五入して小数第4位まで答えよ。,□.□□□□,26458,マイキー
258,{(3-2+7)^6}÷8=?,□□□□□,32768,こめず
259,21を二進数で表すと？,□□□□□,10101,卍
260,１つの円とその円周上に無い１点があり、その点を通って円と交わる任意の直線を引くとき、直線と円との交点とその点とで出来る２つの線分を２辺とする長方形の面積は一定である。この定理はなんという？,□□□□□定理(ひらがな),ほうべきの,卍
261,「3分の5」に対する「5分の3」のように、元の数に掛けると計算結果が1になる数を何という？,□□□□□(ひらがな),ぎゃくすう(逆数),こめず
262,24時間は何秒？,□□□□□秒,86400,こめず
263,自分自身の美しさを感じたり酔いしれたりする人のことをギリシャ神話の登場人物にちなんでなんという？,□□□□□,ナルシスト,卍
264,横隔膜（おうかくまく）がけいれんするとおこる現象で、驚かすとなおる、などと言われるのは何？,□□□□□,しゃっくり,卍
265,有名人をスクープするため、しつこく狙うことで、イタリア語で「しつこい虫」という意味の言葉は何？,□□□□□,パパラッチ,卍
266,選挙運動や野球場などでアナウンスを行う女性のことを鳴き声の美しい鳥にたとえて何というでしょう？,□□□□□,ウグイス嬢,卍
267,未成年の飲酒を禁ずる「満二〇年ニ至ラサル者ハ酒類ヲ飲用スルコトヲ得ス」という条文がある法律は何？,未成年者□□□□□,飲酒禁止法,卍
268,「核兵器を持たず、作らず、持ち込ませず」とする日本政府の基本方針を漢字５文字で何というでしょう？,□□□□□,非核三原則,卍
269,２００９年８月２１日に最初の公判がおこなわれた、特定の刑事裁判において、国民から選ばれた人と裁判官とともに審理に参加する日本の司法制度を何制度と言う？,□□□□□,裁判員制度,卍
270,正式名称は「私的独占の禁止及び公正取引の確保に関する法律」。一般には何という？,□□□□□,独占禁止法,卍
271,コンピューター用語でデータを「符号化」することを何というでしょう？,□□□□□,エンコード,卍
272,指でボタンを押すことでコンピュータに文字を入力する装置のことをカタカナで何というでしょう？,□□□□□,キーボード,卍
273,「腹黒い」という意味があるウイルスやワームなどインターネットを介してパソコンに危害を加えるソフトウェアを何というでしょう？,□□□□□,マルウェア,卍
274,対話形式で質問に答えることによって、ソフトの操作を簡単にする機能のことを何という？,□□□□□,ウィザード,卍
275,「墜落したUFOが運び込まれている」などのうわさを持つアメリカのネバダ州南部にある地区を何という？,□□□□□,エリア51,卍
276,マグニチュードとは地震のエネルギーの大きさを表した指標値であり、この数字が「１」増えると地震のエネルギーは約32倍になる。では、「3」増えると地震のエネルギーは約何倍になるでしょうか？,約□□□□□倍,32768,こめず
277,ドラゴンボールに登場するキャラクターの必殺技や音楽グループの名前にもなっている、宇宙開始時における爆発的な膨張のことを何という？,□□□□□,ビッグバン,スプーキーブーギー
278,隕石の衝突によってできたとされる、惑星や衛星の表面にみられる円形のくぼんだ地形を何という？,□□□□□,クレーター,スプーキーブーギー
279,1961年に宇宙飛行士として人類初の宇宙飛行を成功させ、「地球は青かった」という名言を残した宇宙飛行士の名前は何でしょう？,□□□□□,ガガーリン,スプーキーブーギー
280,直径約10万光年、中心の厚さ1.5万光年、周辺部の厚さ1000光年と巨大な、英語では「(the) Galaxy」「Milky Way Galaxy」と表記される、太陽系を含む多数の恒星を主体とする天体の集団を何というか？,□□□□□(ひらがな),ぎんがけい(銀河系),スプーキーブーギー
281,英語では「マイクロウェーブ・オーブン」と呼ばれる、水分を含んだ食品などを加熱する家電製品は何？,□□□□□,電子レンジ,こめず
282,1967年に当時の内閣総理大臣である佐藤栄作が提唱した、「核兵器を持たず、作らず、持ち込ませず」とする日本政府の基本方針を何という？,□□□□□,非核三原則,こめず
283,昔話「浦島太郎」で、浦島太郎が竜宮城で乙姫様からもらった「絶対に開けてはいけない」ものは何？,□□□□□(ひらがな),たまてばこ(玉手箱),こめず
284,昔話「桃太郎」で、お婆さんが川で洗濯をしているときに聞いた、大きな桃が川を流れる音は何でしょう？,□□□□□(ひらがな),どんぶらこ,こめず
285,ダイエットに成功し、１度やせた人がダイエットをやめたあとに体重が戻ってしまうことを何という？,□□□□□,リバウンド,こめず
286,学校ごとに組織される教育団体「PTA」の「T」は「ティーチャー(教師)」、「A」は「アソシエーション(協会)」の頭文字である。では「P」は何という英単語の頭文字でしょう？,□□□□□(カタカナ),ペアレント(保護者),こめず
287,UFOは未確認飛行物体(Unidentified Flying Object)の略称、ではUMAはなんという言葉の略称でしょうか？,□□□□□,未確認動物(Unidentified Mysterious Animal),こめず
288,人が意見や忠告を言っても、いろいろと理屈を並べて従おうとしない様子を慣用句で何という？,□□□□□こういう(ひらがな),ああいえば(ああ言えば),こめず
289,慎重すぎる人や臆病すぎる人に対して皮肉をこめて使う場合もあり、用心の上にも用心深く物事を行うことのたとえを表すことわざは何でしょう？,石橋を□□□□□,叩いて渡る,こめず
290,ヨーロッパ人の渡来以前からオーストラリアやその周辺の島々に居住しており、農業を行わず狩猟･採取で生活している原住民を何というか？,□□□□□,アボリジニ,こめず
291,資本主義の市場経済において、公正かつ自由な競争状態を維持するために不公正な行動を防ぐことを目的とする、正式名称を「私的独占の禁止及び公正取引の確保に関する法律」という法令を一般的に何というか？,□□□□□,独占禁止法,こめず
292,ゴールデンウィークで一番最初にやってくる5月3日の祝日は何？,□□□□□,憲法記念日,こめず
293,戦国時代以降に法律で定められていた、争いごとをした者は善意に関係なくお互いを処罰することを何という？,□□□□□,喧嘩両成敗,こめず
294,2020年の東京オリンピック招致の際に、フリーアナウンサーの滝川クリステル氏がIOC最終プレゼンテーションで使用し、2013年のユーキャン新語・流行語大賞に選ばれた言葉は何？,□・□・□・□・□,おもてなし,こめず
295,平安時代中期に、紀貫之が国守として赴任していた土佐から京の自宅に帰るまでのおよそ二ヶ月の出来事を、和歌を交えながら記したもので、男性である紀貫之が、作者を女性に仮託して、当時女文字とされた仮名文字を使用した日本初の仮名文日記は何でしょう？,□□□□□(ひらがな),とさにっき(土佐日記),こめず
296,平安時代中期に、紀貫之が女性目線で記した土佐日記の冒頭の空欄に入る言葉は何？□□□□□日記といふものを女もしてみむとてするなり。,□□□□□,男もすなる,こめず
297,日本語で「航海者」という意味がある、アメリカ航空宇宙局 (NASA) による太陽系の外惑星および太陽系外の探査計画の名前は？,□□□□□計画,ボイジャー,スプーキーブーギー
298,オートバイの一種で運転者の足元にあるステップ状のフロアに足を乗せて運転する車種の総称を何というか？,□□□□□,スクーター,スプーキーブーギー
299,頭部を危険から守るための、金属やプラスチック製などの兜(かぶと)形の帽子を何というか？,□□□□□,ヘルメット,スプーキーブーギー
300,レーザーで目の角膜の表面をめくり内部を削って屈折率を調節する近視矯正手術のことを何というでしょう？,□□□□□手術,レーシック,スプーキーブーギー
301,１９０１年に第１回ノーベル物理学賞を受賞したＸ線の発見者として知られるドイツの物理学者は誰でしょう？,ウィルヘルム・□□□□□,レントゲン,スプーキーブーギー
302,建築基準法第33条によって高さ20ｍを超える建築物に設けなければならないとされている、落雷による人的被害、物的被害を防止する装備を何という？,□□□□□(ひらがな),ひらいしん(避雷針),スプーキーブーギー
303,直径約10万光年、中心の厚さ1.5万光年、周辺部の厚さ1000光年と巨大な、英語では「(the) Galaxy」「Milky Way Galaxy」と表記される、太陽系を含む多数の恒星を主体とする天体の集団を何というか？,□□□□□(ひらがな),ぎんがけい(銀河系),スプーキーブーギー
304,おとめ座とさそり座の間にある、黄道十二星座の1つ。ギリシャ神話で正義と天文の女神アストレアが手にする、人間の善悪をはかる道具が名前になっている夏の星座は？学名は「Libra」9/23～10/23,□□□□□(ひらがな),てんびんざ(天秤座),スプーキーブーギー
305,誕生日が1/20~2/18の期間はこれに該当し、学名は「AQUARIUS」である黄道十二星座の1つに数えられる星座は？,□□□□□(ひらがな),みずがめざ(水瓶座),スプーキーブーギー
306,誕生日が3/21~4/19の期間はこれに該当する、ハマルというα星を持ち黄道十二宮に1つに数えられる星座は何でしょう？,□□□□□(ひらがな),おひつじざ(牡羊座),スプーキーブーギー
307,晩春～梅雨の時期の夜空にみられ、猟犬座と大熊座を追っていく姿になぞらえて命名された、α星にアルクトゥスを持つ星座は何？,□□□□□(ひらがな),うしかいざ(牛飼座),スプーキーブーギー
308,ひしゃくの形をした北斗七星はこの動物のしっぽの部分にあたる、ある動物の姿を表した春の星座は何？,□□□□□(ひらがな),おおぐまざ(大熊座),スプーキーブーギー
309,ギリシア神話ではレルネーの沼に住む怪物であり9個の頭を持ち口から毒気を吐いたとされる。南天に横につながる、全天88星座のうちで最も大きな星座は何？,□□□□□(ひらがな),うみへびざ(海蛇座),スプーキーブーギー
310,「こと座」のベガ・「わし座」のアルタイル・「はくちょう座」のデネブを結んだ三角形を何というか？,□□□□□,夏の大三角,スプーキーブーギー
311,「うしかい座」のアルクトゥールス・「おとめ座」のスピカ・「しし座」のデネボラを結んだ三角形を何というか？,□□□□□,春の大三角,スプーキーブーギー
312,北斗七星の柄（え＝取っ手）のカーブを伸ばして、「うしかい座」のアルクトゥールス、「おとめ座」のスピカに続く曲線を何というか？,□□□□□,春の大曲線,スプーキーブーギー
313,「オリオン座」の赤い1等星ベテルギウス、その左下の星空の中でいちばん明るい「おおいぬ座」のシリウス、そして、ベテルギウスの左にある「こいぬ座」の1等星プロキオンが作る三角形のことを何という？,□□□□□,冬の大三角,スプーキーブーギー
314,ガリレオ・ガリレイがその正体が銀河系であることを明らかにした、全能の神ゼウスと浮気相手との間に出来た赤ん坊と、妻の女神ヘラが登場する神話で有名な、夏の宵の夜空を見上げると雲の光の帯の様に見える様子を表す言葉を何というか？英語では「the Galaxy」「Milky Way Galaxy」と呼ばれる。,□□□□□(ひらがな),あまのがわ(天の川),スプーキーブーギー
315,「僕らの生まれてくるずっとずっと前にはもう月に行った」とされる、 N.A.アームストロングを船長として史上初めて人類の月面着陸に成功したアメリカの宇宙船は？,□□□□□号,アポロ11,スプーキーブーギー
316,サマリウムやネオジム、ユウロピウムなどの酸化物や塩化物などの総称で日本は中国から９割を輸入しているものの総称を何という？,□□□□□,レアアース,卍
317,原子核の人工変換を通せば元素を他の元素に変換できることを示したことから「20世紀の錬金術師」と呼ばれたイギリスの物理学者で、α線・β線を発見したのは誰？,□□□□□・ラザフォード,アーネスト,卍
318,1939年にノーベル物理学賞を受賞した、「ウラン235」の工業的分離や、原子核の人工変換に成功したアメリカの物理学者で、陽子の加速装置「サイクロトロン」を作ったことで特に名高いのは誰？,□□□□□,ローレンス,卍
319,ギリシャ語で「柔らかい物質」という意味の言葉に由来する、水銀と他の金属との合金を指す言葉は何？,□□□□□,アマルガム,卍
320,化学式はC8H7N3O2。過酸化水素を作用させると青白色の光を発することから、血痕の鑑識によく用いられる物質といえば何？,□□□□□,ルミノール,卍
321,一日の最高気温が摂氏３０度以上を記録した日のことを気象用語で何というでしょう？,□□□□□(ひらがな),もうしょび(猛暑日),卍
322,2018年6月27日に小惑星探査機「はやぶさ2」が到着した、小惑星は？,□□□□□,リュウグウ,卍
323,夏の空によく見られる積乱雲のことを坊主頭のように見えることから何雲というでしょう？,□□□□□雲(ひらがな),にゅうどう(入道),卍
324,ライブで振る奴,□□□□□,サイリウム,卍
325,レーザー式、ドット式、熱転写式等が有る、コンピューターから受け取ったデータを印字する機械を何と言う？,□□□□□,プリンター,卍
326,ギリシャ語で「完全な情報」という意味の紙幣やクレジットカードなどにつけられている立体画像を記録したフィルムを何というでしょう？,□□□□□,ホログラム,卍
327,病院で使用されている、心臓の活動によって起きる電流の時間的な変化を記録したものを何というでしょう？,□□□□□(ひらがな),しんでんず(心電図),卍
328,左右の固定翼にそれぞれ回転翼(ローター)を備えており、その角度を97.5度から0度まで(垂直方向から水平方向まで)変えることにより、ヘリのように垂直離着陸や空中停止することも、飛行機のように水平に高速飛行することも可能なアメリカ軍の最新鋭輸送機を何と言う？,□□□□□,オスプレイ,卍
329,岐阜県と富山県の集落が世界遺産に登録されている、木材を梁（はり）の上に手の平を合わせたように山形に組み合わせて建築された、急な傾斜の屋根が特徴の茅葺家屋を「何造り」というでしょう？,□□□□□造り(ひらがな),がっしょう(合掌),卍
330,日本国憲法では「人類の多年にわたる自由獲得の努力の成果」によって確立されたものであり「侵すことのできない永久の権利」として保障している、自由権・平等権・社会権など人が生まれながらにして持っている基本的な権利を何というか？,□□□□□,基本的人権,スプーキーブーギー
331,日本国憲法では「人類の多年にわたる自由獲得の努力の成果」によって確立されたものであり「侵すことのできない永久の権利」として保障している、自由権・平等権・社会権など人が生まれながらにして持っている基本的な権利を何というか？,□□□□□,基本的人権,スプーキーブーギー
332,国会議員や地方議員及び首長の選挙制度について定めた法律を何という？,□□□□□,公職選挙法,卍
333,政党の得票率に比例して議席配分を行う選挙制度を何という？,□□□□□,比例代表制,卍
334,現行の選挙区制のうち、１選挙区から当選者が１人しか出ない制度を何という？,□□□□□,小選挙区制,卍
335,罷免（ひめん）の訴追を受けた裁判官を裁判する国会の機関を何という？,□□□□□,弾劾裁判所,卍
336,国会で多数を占める政党が内閣を組織する仕組みを何という？,□□□□□,議院内閣制,卍
337,国連海洋法条約に基づき、国の沿岸から２００海里以内で設定される 国の経済的な主権が及ぶ水域を何というでしょう？,□□□□□水域,排他的経済,卍
338,情報通信機器の操作能力、または情報そのものを使いこなす能力を何という？,情報□□□□□,リテラシー,卍
339,全人口に対し、６５歳以上の人口が２１%以上を占める社会を何という？,□□□□□,超高齢社会,卍
340,訪問販売などでの売買契約を、一定期間であれば無条件で解除できる制度は何？,□□□□□オフ,クーリング,卍
341,運慶と快慶によって制作された、奈良・東大寺南大門にある鎌倉時代を代表する彫刻は何？,□□□□□,金剛力士像,卍
342,日本の労働三法といわれるのは、労働基準法、労働関係調整法とあと一つは何？,□□□□□,労働組合法,卍
343,古代ケルト人が起源と考えられている祭りで、毎年10月31日に行われる、現代では、子どもたちが魔女やお化けに仮装して近くの家々を訪れてお菓子をもらったりする祭りといえば？,□□□□□,ハロウィン,卍
344,アダム・スミスが「国富論」の中で提唱した、市場経済の自動調整機能を一般に何という？,神の□□□□□,見えざる手,卍
345,世界で初めて社会権を保障したドイツ共和国憲法の通称を国民議会の開催地から「何憲法」というでしょう？,□□□□□憲法,ワイマール,卍
346,日本の省で「国交省」と略されるのは国土交通省ですが、「厚労省」と略されるのは「何省」でしょう？,□□□□□,厚生労働省,卍
347,英語では「ファントム・オブ・ジ・オペラ」という有名なミュージカル作品の日本でのタイトルは何？,□□□□□怪人,オペラ座の,卍
348,お正月に消防活動をする人が消化演習やはしご乗りを演じる行事を何式という？,□□□□□,でぞめしき(出初式),卍
349,ウソをついてもよいとされている４月１日のことを何フールという？,□□□□□フール,エイプリル,卍
350,資本主義社会において 資本家階級に属する人々のことを「プロレタリアート」に対してフランス語で何というでしょう？,□□□□□,ブルジョア,卍
351,2019年のリスグラシュー、2020年のアーモンドアイなどがあげられる、報道関係者の投票結果に基づき、新聞・放送・競馬専門紙の代表者で構成される「JRA賞受賞馬選考委員会」において審議のうえ、選出される当該年度の中央競馬を代表する競走馬を何というか？,□□□□□,年度代表馬,スプーキーブーギー
352,□□□□□競走　　特別競走の中でも競走体系上重賞競走に次ぐ重要なレースで、レース名の後ろに（Ｌ）と表記する。,□□□□□競走,リステッド,スプーキーブーギー
353,主に2002年度から施行され、子供の学力低下が明らかになったため終了した、学習時間と内容を減らす政策を俗になんという？,□□□□□,ゆとり教育,卍
354,スタジオジブリの映画の放映権を持っているテレビ局はどこ？,□□□□□,日本テレビ,卍
355,93作、2015年下半期、波瑠、AKB48の曲「365日の紙飛行機」が主題歌となった、NHK連続テレビ小説は何？,□□□□□,あさが来た,卍
356,人気アイドルグループ「嵐」の櫻井翔が、主人公の家庭教師・吉本荒野を演じた、2013年放送のフジテレビのドラマは何？,□□□□□,家族ゲーム,卍
357,2013年にヒットしたドラマ「半沢直樹」では主人公が使う決め言葉で、その年の流行語大賞にも選ばれた言葉は何？,□□□□□(ひらがな),ばいがえし(倍返し),卍
358,滝田洋二郎が監督を務めた2008年の日本映画で第81回アカデミー賞では日本映画では初めて外国語映画賞に輝いた、納棺師（のうかんし）の仕事をとりあげた映画のタイトルは何？,□□□□□,おくりびと,卍
359,大人気のハリーポッター。第１巻は「賢者の石」、第２巻は「秘密の部屋」。では第３巻は？,ハリーポッターと□□□□□の囚人,アズカバン,卍
360,２００８年７月２３日、日本で発売されたハリーポッターシリーズ最終巻のタイトルはハリーポッターと何？,□□□□□(ひらがな),しのひほう(死の秘宝),卍
361,映画「エルム街の悪夢」の殺人鬼はフレディ。では「１３日の金曜日」の殺人鬼の名前は？,□□□□□,ジェイソン,卍
362,シルベスター・スタローン主演の映画「ロッキー」で描かれているスポーツは何？,□□□□□,ボクシング,卍
363,映画ではハリーポッター役を演じて大人気となったロンドン出身の俳優は？,ダニエル・□□□□□,ラドクリフ,卍
364,太田光、田中裕二の二人組は何というお笑いコンビでしょう？,□□□□□問題(ひらがな),ばくしょう,卍
365,2001年の第1回「M-1グランプリ」で優勝したお笑いコンビは何？,□□□□□(ひらがな),なかがわけ(中川家),卍
366,「Wボケ」という芸風で知られる、西田幸治と哲夫からなるお笑いコンビは何？,□□□□□(ひらがな),わらいめし(笑い飯),卍
367,ボケの長田庄平とツッコミの松尾駿からなる、吉本のお笑いコンビは何？,チョコレート□□□□□,プラネット,卍
368,キングオブコント2012で優勝した、小峠英二と西村瑞樹から成るお笑いコンビは何？,□□□□□,バイきんぐ,卍
369,小木博明と矢作兼からなるお笑いコンビは何？,□□□□□,おぎやはぎ,卍
370,「M－1グランプリ2005」で優勝を果たした、小杉竜一と吉田敬から成るお笑いコンビは何？,ブラック□□□□□,マヨネーズ,スプーキーブーギー
371,かつての名前を「バカルディ」といった、三村マサカズと大竹一樹の2人からなるお笑いコンビは何？,□□□□□,さまぁ～ず,卍
372,吉本興業に所属する、堤下敦と板倉俊之のお笑いコンビは何？,□□□□□,インパルス,卍
373,「キングオブコント2015」で優勝したお笑いコンビといえば？,コロコロチキチキ□□□□□,ペッパーズ,卍
374,「俺を誰だと思ってるんだ。斎藤さんだぞ」のネタでおなじみのお笑いコンビは何？2015年のM-1グランプリで優勝したお笑いコンビは何？,□□□□□エンジェル,トレンディ,卍
375,かつてビートたけしとビートきよしが結成していたお笑いコンビの名前は何？,□□□□□,ツービート,卍
376,松田洋昌と鈴木Q太郎の2人からなる、吉本興業所属のお笑いコンビは何？,□□□□□ウォーキング,ハイキング,卍
377,お笑いコンビ、ハイキングウォーキングのメンバーといえば、松田洋昌と誰？,□□□□□,鈴木Q太郎,卍
378,中野そうこ、橋本こゆきの2人からなるグループ。「だめよーだめだめ」のフレーズで人気を博したのお笑いコンビは？,日本□□□□□連合,エレキテル,卍
379,お笑いコンビ、TIMのメンバーといえば、レッド吉田と誰？,□□□□□,ゴルゴ松本,卍
380,お笑いコンビ、TIMのメンバーといえば、ゴルゴ松本と誰？,□□□□□,レッド吉田,卍
381,「ありがとうオリゴ糖」など、韻を踏んだラップネタでおなじみにお笑いコンビは何？,□□□□□,ジョイマン,卍
382,2015年の上方漫才大賞を受賞した、白川悟実と浜本広晃からなるお笑いコンビは何？,□□□□□,テンダラー,卍
383,「あるある探検隊」などのネタでおなじみの、西川晃啓と松本康太からなるお笑いコンビは何？,□□□□□,レギュラー,卍
384,元体操選手のオラキオと元自衛隊員のテキサスの2人からなる、肉体派お笑いコンビは何？,弾丸□□□□□,ジャッキー,卍
385,田崎佑一とトキからなる、「ラララライ」でおなじみのお笑いコンビは何？,藤崎□□□□□,マーケット,卍
386,伊地知大樹と小澤慎一朗からなる、白目漫才でおなじみのお笑いコンビは何？,□□□□□,ピスタチオ,卍
387,ボケの石田明とツッコミの井上裕介の2人からなるお笑いコンビは何？,NON□□□□□,STYLE,卍
388,ちゅうえいと瀧上伸一郎からなる、「ひじ祭り」などのネタで人気のお笑いコンビは何？,□□□□□,ながれぼし(流れ星),卍
389,意図的に下手なマジックなどをネタとし「でっかくなっちゃった」などで知られるお笑い芸人は誰？,□□□□□,マギー審司,卍
390,吉本新喜劇で活躍する、140cm台という低い身長でおなじみのお笑い芸人は誰？,□□□□□,池乃めだか,卍
391,前田敦子などのものまねや社交ダンスが得意な女性のお笑い芸人と言えば？,□□□□□。,キンタロー,卍
392,世界のナベアツがあほになる数字は？,□・□・□・□□,36912,卍
393,お笑いコンビ、ダイノジの大地洋輔が、世界選手権を連覇したことがあるものは何？,□□□□□,エアギター,卍
394,映画「クレヨンしんちゃん 爆睡！ユメミーワールド大突撃」の脚本を手がけたお笑い芸人は誰？,□□□□□,劇団ひとり,卍
395,お笑い芸人、劇団ひとりがかつて、1週間だけ名乗っていた芸名は？,□□□□□,カツカレー,卍
396,2007年の流行語大賞にもノミネートされた「そんなの関係ねえ」というフレーズがヒットし、ブレークした芸人といえば誰？,□□□□□,小島よしお,卍
397,2008年の「R-1ぐらんぷり」で入賞した、「ヒットエンドラン」などでおなじみのお笑い芸人は誰？,□□□□□,鳥居みゆき,卍
398,２０１２年の流行語大賞を受賞した、ワイルドな芸風が人気をよんだお笑いタレントは誰？2015年に一般女性と結婚した、「ワイルドだろぉ～」のギャグでおなじみのお笑い芸人は誰？,□□□□□,スギちゃん,卍
399,「ルネッサ〜ンス！」でおなじみのお笑いコンビ、髭男爵のメンバーといえば、山田ルイ53世と誰？,□□□□□(ひらがな),ひぐちくん(ひぐち君),卍
400,マラソンランナーとしても活躍するお笑いタレントで、フルマラソンの国際大会でカンボジア代表として出場している、日本出身のお笑いタレントは誰？,□□□□□,ねこひろし(猫ひろし),卍
401,猫ひろしがフルマラソンの国際大会で国籍を変えて代表として出場した国は？,□□□□□,カンボジア,卍
402,映画「怪盗グルーの月泥棒」の日本語吹替版で主人公グルーの声を演じたお笑いタレントは誰？,□□□□□,笑福亭鶴瓶,卍
403,「そうだね、プロテインだね」や、胸を強く叩くネタでおなじみのお笑い芸人は誰？,□□□□□屋良,パッション,卍
404,以前マナー講師の仕事をしていたという経歴がある、2008年に流行語大賞を受賞した「グ～!」のフレーズで知られる女性お笑い芸人は誰？,□□・□□□,エドはるみ,卍
405,実は控え選手ながら甲子園出場経験もある、2015年R-1ぐらんぷりで決勝に残り、その年の流行語大賞にノミネートされた「安心して下さい」のフレーズが有名になったお笑い芸人といえば？,□□□□□,明るい安村,卍
406,宇宙海賊を名乗り、地球儀を指しながら国名を叫ぶネタで知られるお笑い芸人は誰？,□□☆□□□,ゴージャス,卍
407,「どこ見てんのよ！」や「ふざけないでよ！」などのネタでおなじみの女性お笑いタレントは誰？,□□□□□,青木さやか,卍
408,「R-1ぐらんぷり2015」で決勝に進出した、「漢字ネタ」でおなじみのお笑い芸人は誰？,厚切り□□□□□,ジェイソン,卍
409,本名を丸田典幸という、イラストの描かれた段ボールを使ったネタで有名なお笑い芸人は誰？,□□□□□,もう中学生,卍
410,お笑いコンビ、ウーマンラッシュアワーのメンバーとは、ボケの村本大輔とツッコミの誰？,中川□□□□□,パラダイス,卍
411,アントニオ猪木のモノマネでおなじみの、マセキ芸能社所属のお笑い芸人は誰？,□□□□□猪木,アントキの,卍
412,大会チェアマンを松本人志が務め、お笑い芸人の大喜利NO.1を決定する、フジテレビの番組は何？,□□□□□グランプリ,IPPON,卍
413,ウッチャンナンチャンが司会を務めているTBSのバラエティ番組、一発ギャグやモノボケなど5ジャンルで観客を笑わせる、TBSのお笑い番組は何？,ザ・□□□□□,イロモネア,卍
414,番組「ぐるぐるナインティナイン」に登場する、若手お笑い芸人が住むという設定のアパートは何？,□□□□□,おもしろ荘,卍
415,お笑いコンビCOWCOWの、日常に起こることをネタとしたのは何？,□□□□□体操,あたりまえ,卍
416,人気司会者でギネス記録にも認定された本名を「みのりかわ　のりお」といえばこの人はだれ？,□□□□□,みのもんた,卍
417,大河ドラマ「天地人」では「わしはこんなとこ、来とうはなかった」のセリフで反響をよび、ＣＭでは子ども店長の役で人気となった子役といえば誰？,□□□□□,加藤清史郎,卍
418,２０１１年、ドラマ「マルモのおきて」で主演し、共演の「鈴木福（すずきふく）」とともに主題歌で紅白歌合戦にも出演した子役といえばだれ？,□□□□□(ひらがな),あしだまな(芦田愛菜),卍
419,オリンピック招致活動のスピーチで述べた「おもてなし」が流行語となった、フリーアナウンサーは誰？,滝川□□□□□,クリステル,卍
420,２０１１年の流行語大賞に自分のギャグがノミネートされた、整体師としての活動もあるお笑い芸人といえば？,□□□□□(ひらがな),たのしんご(楽しんご),卍
421,お笑いコンビ、サンドウィッチマンのメンバーは、富澤たけしと誰？,□□□□□,伊達みきお,卍
422,お笑いコンビ、サンドウィッチマンのメンバーは、伊達みきおと誰？,□□□□□,富澤たけし,卍
423,ディズニー映画「アナと雪の女王」で、アナの姉エルサの声を演じた女優は誰？,□□□□□(ひらがな),まつたかこ(松たか子),卍
424,地殻中の存在量が比較的少なかったり、採掘と精錬のコストが高いなどの理由で流通・使用量が少ない非鉄金属を何と言う？,□□□□□,レアメタル,卍
425,工業的製法ハーバー・ボッシュ法で生産される、刺激臭を持つ化合物は何でしょう？,□□□□□,アンモニア,卍
426,6個の炭素原子が平面上に正六角形の環状構造となっているものは何？,□□□□□,ベンゼン環,卍
427,ベンゼン環が2個縮合した化学式C10H8で表される物質で、防虫剤などで使われているのは何でしょう？,□□□□□,ナフタレン,卍
428,酸素がほかの物質と結合することを酸化というが、激しい酸化によって熱や光を出す現象を何というか？,□□□□□(ひらがな),ねんしょう(燃焼),卍
429,耐久性、耐熱性などに優れ、建設資材など広く使用されていたが、肺ガンの原因になるということで問題になっている石綿を英語で何と言う？,□□□□□,アスベスト,卍
430,砂漠や海などで、光の異常屈折によって地上のものが浮かんで見えたり遠くのものが近くに見えたりする現象を何というでしょう？,□□□□□(ひらがな),しんきろう(蜃気楼),卍
431,ホルムアルデヒドやグルコースなどの検出に用いられる反応で、銀メッキや鏡を作るのにも利用される反応を何という？,□□□□□(ひらがな)反応,ぎんきょう(銀鏡),スプーキーブーギー
432,兵器用の爆薬として用いられたりする、トルエンのフェニル基の2番目と4番目と6番目の位置の炭素に結合している水素をニトロ基で置換した有機化合物は？,2-4-6□□□□□トルエン,トリニトロ,スプーキーブーギー
433,試験管の中に液体を入れると，液体の表面は平らでなく，表面張力によって曲面となる部分は？,□□□□□,メニスカス,スプーキーブーギー
434,赤色のものはルビー、青色のものはサファイアとよばれる、天然アルミニウムが酸化した、別名を鋼玉という硬度９の鉱物は何？,□□□□□,コランダム,卍
435,太陽から地球に降り注ぐ日焼けの原因となる、波長が10 - 400 nm、即ち可視光線より短く軟X線より長い不可視光線の電磁波の名称は何？,□□□□□(ひらがな),しがいせん(紫外線),卍
436,視力検査で、使われる「C」に似た形の記号を何という？,□□□□□環,ランドルト,卍
437,イギリスの物理学者・数学者。万有引力の法則を発見して古典力学の基礎を確立。近代物理学を創始した。この人物は誰？,アイザック・□□□□□,ニュートン,卍
438,磁場内で電流が流れるとき、導体にかかる力・磁力線・電流それぞれの方向の関係を表したもの、 電流や磁界に関する「左手の法則」「右手の法則」を発見したイギリスの科学者は誰でしょう？,ジョン・□□□□□,フレミング,卍
439,近づいてくる列車の音が、遠ざかるときに比べて高く聞こえる現象を何という？,□□□□□効果,ドップラー,卍
440,細菌学者。ドイツに留学し、コッホに師事。破傷風（はしょうふう）菌の純粋培養に成功し、血清療法を発見。帰国後、伝染病研究所を設立し、1894年には、ペスト菌を発見した。この人物は誰？　,□□□□□,北里柴三郎,卍
441,白血球の一種である、がんやウィルスに感染した細胞を攻撃する働きを持つNK細胞と呼ばれる細胞は？,□□□□□キラー細胞,ナチュラル,スプーキーブーギー
442,アルファベットの「Y」のような形をしているため、ラテン語で「分岐」という意味の名前がつけられたヨーグルトなどに含まれる乳酸菌の一種は何でしょう？,□□□□□菌,ビフィズス,卍
443,ことわざで「川流れ」したり、「なまずを押さえ」たり、「駒」が出てくるウリ科の植物は？,□□□□□,ひょうたん(瓢箪),卍
444,発見者のラッフルズにちなんでその名が付いた、ジャワ島やスマトラ島などに分布する世界最大の花といえば何？,□□□□□,ラフレシア,卍
445,人間の五感とは、視覚、聴覚、触覚、味覚とあと一つは何でしょう？,□□□□□(ひらがな),きゅうかく(嗅覚),卍
446,生まれた日を0日として、生後28日未満の赤ちゃんのことをなんという？,□□□□□,しんせいじ(新生児),卍
447,犬を育てる人,□□□□□,ブリーダー,卍
448,ヒト,ホモ・□□□□□,サピエンス,卍
449,季節来遊魚とも呼ばれる、黒潮に乗って日本の太平洋岸に来る熱帯魚の幼魚を何という？,□□□□□,死滅回遊魚,スプーキーブーギー
450,フランス・パリの東南に位置するブルゴーニュ地方の南部、美食の町リヨンの北部に広がる地区の名前に由来する、その年に収穫したぶどうを醸造した新酒ワインを何というか？,□□□□□ヌーボー,ボジョレー,スプーキーブーギー
451,浄土思想の影響を強く受けている、金鶏山、無量光院跡、観自在王院跡、毛越寺、中尊寺からなる2011年に登録された岩手県の世界文化遺産は何？,□□□□□(ひらがな),ひらいずみ(平泉),スプーキーブーギー
452,1999年、家康が祀られている東照宮、八棟造りで建てられた本社社殿がある二荒山神社、天海が祀られている輪王寺の2社１寺に属する建築物と自然環境が登録されている、栃木県の世界文化遺産は？,□□□□□,日光の社寺,スプーキーブーギー
453,"1978,2001年、世界遺産（自然遺産）に登録されているエクアドルの火山性諸島は？動植物に固有種が多　ダーウィンの航海記でも有名な独自の進化を遂げた動物が生息するエクアドルの島々は何でしょう？",□□□□□諸島,ガラパゴス,スプーキーブーギー
454,フィギュアスケート選手。バンクーバー五輪銀メダリスト。トリプルアクセル「三回転半」を得意とし、韓国のキム・ヨナと金メダルを争った。同大会では高橋大輔（たかはしだいすけ）が男子シングルで銅メダルを獲得。この人物は誰？,□□□□□(ひらがな),あさだまお(浅田真央),スプーキーブーギー
455,近鉄バファローズを経て、ロサンゼルス・ドジャースに入団。日本人メジャーリーガーの先駆け的存在となった。体をねじるトルネード投法が特徴的。この人物は誰？,□□□□□(ひらがな),のもひでお(野茂英雄),スプーキーブーギー
456,フルマラソンは何キロ走る？,□□.□□□キロメートル,42195,卍
457,江戸時代後期の陽明学者で、天保８年に幕政を批判して挙兵した大阪町奉行所の元与力は誰でしょう？,□□□□□,大塩平八郎,卍
458,１８９１年、現在のインドネシアで頭の骨が発見された化石人類を何というでしょう？,□□□□□,ジャワ原人,卍
459,１６世紀、ローマ教皇レオ１０世の免罪符販売に反対して宗教改革運動を起こしたドイツの宗教家は誰でしょう？,□□□□□・ルター,マルティン,卍
460,明治初期、岩倉使節団の１人としてアメリカに渡り、帰国後に現在の津田塾大学を創設した女性といえば誰でしょう？,□□□□□,つだうめこ(津田梅子),卍
461,1972年2月19日から2月28日にかけて、長野県北佐久郡軽井沢町にある河合楽器の保養所で起こった立てこもり事件を俗になんという？,□□□□□事件,あさま山荘,卍
462,形と名前が有名ブランドのモチーフとなっている、パリのルーブル美術館が所蔵する、勝利の女神をかたどった彫刻は何？,□□□□□のニケ,サモトラケ,スプーキーブーギー
463,代表作に「オルガス伯の埋葬」や「受胎告知」などがある、ギリシャ生まれの画家は誰？,□□・□□□,エルグレコ,卍
464,切手の図案にも採用された、江戸時代の画家・菱川師宣の代表作は何？,□□□□□図,見返り美人,卍
465,木炭を使ってデッサンをするとき消しゴムの代わりに用いられる食品といえば何でしょう？,□□□□□(ひらがな),しょくぱん(食パン),卍
466,外国切手に初めてデザインされた日本人でもある、室町時代の水墨画家は誰？,□□□□□(ひらがな),せっしゅう(雪舟),卍
467,悲劇「ロミオとジュリエット」におけるジュリエットの有名なセリフ「ロミオ あなたはどうして・・・」さて何と続くでしょう？,□□□□□,ロミオなの,卍
468,美術では「下絵」のこと、音楽では「練習曲」のことを表す言葉は何？,□□□□□,エチュード,卍
469,現在の東京都知事の名前は？,□□□□□,小池百合子,卍
470,埼玉県吉川市に本社を置き、イタリアンファミリーレストランを運営する、ミラノ風ドリアを300円(税込)で販売している間違い探しで有名な企業は？,□□□□□,サイゼリア,スプーキーブーギー
471,悠香のお茶石鹸に印字されている文字は？,□□□□□,茶のしずく,卍
472,かつての設定では「特定意志薄弱児童監視指導員」だった、子供たちに大人気の藤子・Ｆ・不二雄のアニメといえば？,□□□□□,ドラえもん,卍
473,「おまえのものはおれのもの、おれのものもおれのもの」とは、漫画「ドラえもん」の誰のセリフ？,□□□□□,ジャイアン,卍
474,これを食べればどんな言葉でもつうじるようになるドラえもんの秘密道具は何？,ほんやく□□□□□,コンニャク,卍
475,このクスリを一滴たらすと、どんなものでも５分ごとに２倍の数に増えるドラえもんの秘密道具は何？,□□□□□,バイバイン,卍
476,1992年に国民栄誉賞を受賞した、漫画「サザエさん」の作者といえば誰？,□□□□□,長谷川町子,卍
477,アニメ「ONE PIECE」で麦わらの一味の船医で、何でも治せる医者を目指しているヒトヒトの実を食べたトナカイのキャラとえいば？,トニートニー・□□□□□,チョッパー,卍
478,アニメ「ONE PIECE」で世界一の美女と言われているアマゾンリリーの皇帝で、ルフィに恋するメロメロの実の能力者といえば？,ボア・□□□□□,ハンコック,卍
479,アニメ「ONE PIECE」でサンジが副料理長をしていた海上レストランは？,□□□□□,バラティエ,卍
480,森田まさのりの漫画を原作とする、ニ子玉川学園の野球部を描いたドラマ・映画は何？,□□□□□,ルーキーズ,卍
481,連載開始時のキャッチコピーは「劇的青春」。古舘春一（ふるだて はるいち）による高校バレーを題材にしたマンガのタイトルは？,□□□□□！！,ハイキュー,卍
483,週刊少年ジャンプに連載され、小学生を中心に空前の囲碁ブームを起こした漫画のタイトルは何？,□□□□□,ヒカルの碁,卍
484,どんなに困難な暗殺も必ず成功させる自称「デューク・東郷」というスナイパーが主人公のマンガのタイトルは何？,□□□□□,ゴルゴ13,卍
485,人気アニメ「ドラゴンボールZ」で悟空の次男、6歳でスーパーサイヤ人になり、トランクスとフュージョンできるのは？,□□□□□(ひらがな),そんごてん(孫悟天),卍
486,人気アニメ「ドラゴンボールZ」でベジータとブルマの息子、未来から来て人造人間の恐ろしさを伝えたのは誰？,□□□□□,トランクス,卍
487,人気アニメ「ドラゴンボール」で元は亀仙人が開発した気功波で、悟空、クリリン、ヤムチャなどが使える必殺技といえば？,□□□□□,かめはめ波,卍
488,人気アニメ「ドラゴンボール」で使用者の命を削る天津飯の必殺技で、天下一武道会ではリングをすべて破壊するほどの威力を持つ技は？,□□□□□,きこうほう(気功砲),卍
489,人気アニメ「ドラゴンボール」のピッコロの必殺技で、悟空と共にラディッツを葬った技といえば？,□□□□□,魔貫光殺法,卍
490,人気アニメ「名探偵コナン」で警視庁刑事部捜査第一課、恋人は高木刑事である、格闘技の達人の女警部補といえば？,□□□□□,佐藤美和子,スプーキーブーギー
491,人気アニメ「ドラゴンボール」でドラゴンボールを集めると現れ、願いを叶えてくれるのは誰？,□□□□□,シェンロン(神龍),卍
492,気アニメ「ドラゴンボールZ」でベジータが地球を消そうとした際に使った、かめはめ波に似た必殺技は？,□□□□□砲,ギャリック,卍
493,人気アニメ「ドラゴンボール」のヤムチャ独自の技で、悟空と初めて会った時に使った狼のような体術は？,□□□□□,狼牙風風拳,卍
494,人気アニメ「ドラゴンボールZ」で相手の戦闘力を数値にする機能を持った片眼鏡型の装置といえば？,□□□□□,スカウター,卍
495,人気アニメ「ドラゴンボールZ」でベジータなどが使う、孫悟空のサイヤ人名といえば？,□□□□□,カカロット,卍
496,人気アニメ「ドラゴンボールZ」で悟空達とフリーザが戦ったピッコロの故郷の星といえば？,□□□□□,ナメック星,卍
497,人気アニメ「名探偵コナン」で左目付近にアゲハチョウのタトゥーがある黒の組織の腕利きの女スナイパーといえば？,□□□□□,キャンティ,スプーキーブーギー
498,人気アニメ「名探偵コナン」の登場人物、灰原哀の本当の名前は？,□□□□□(ひらがな),みやのしほ(宮野志保),卍
499,人気アニメ「名探偵コナン」で毛利蘭の同級生となった女探偵、赤井秀一の妹といえば？,□□□□□(ひらがな),せらますみ(世良真純),卍
500,人気アニメ「名探偵コナン」で江戸川コナンや灰原哀などが通っている小学校は？,□□□□□,帝丹小学校,卍
501,ディズニー映画「シンデレラ」で、魔法で姿を変えられたシンデレラが履いていたのは何？,□□□□□,ガラスの靴,卍
502,鳥取県の境港市出身。ゲゲゲの鬼太郎の作者と言えばだれ？,□□□□□,水木しげる,卍
503,人気アニメ「名探偵コナン」で灰原哀を担当している声優は？,□□□□□,林原めぐみ,卍
504,サザエさんで初代カツオ君の声を担当していたドラえもんの声でおなじみの人と言えば誰？,□□□□□,大山のぶ代,卍
505,1996年10月12日生まれ。二人の弟がいる。スタイルキューブに所属しており、豊田萌絵とピクシスと呼ばれる声優ユニットを組んでいることで知られる、『五等分の花嫁』の中野三玖役をはじめ、『BanG Dream!』の弦巻こころ役など、人気作品のキャラクターを多く演じているとってもかわいい声優は？,□□□□□,いとうみく(伊藤美来),スプーキーブーギー
506,カプコンが作成している逆転裁判シリーズの主人公の名前は何？,□□□□□,成歩堂龍一,卍
507,「～の間に」を英語で書くと？,□□□□□(半角大文字),AMONG,スプーキーブーギー
508,「りんご」を英語で書くと？,□□□□□(半角大文字),APPLE,スプーキーブーギー
509,「4月」を英語で書くと？,□□□□□(半角大文字),APRIL,スプーキーブーギー
510,「脳」を英語で書くと？,□□□□□(半角大文字),BRAIN,スプーキーブーギー
511,「運転する」を英語で書くと？,□□□□□(半角大文字),DRIVE,卍
512,不幸のうえにさらに不運や苦悩が重なるという意味のことわざは何？,□□□□□に蜂,なきっつら(泣きっ面),卍
513,ほんの少しの労力や投資で、大きな利益や収穫を得ることの例えを表すことわざは何？,□□□□□を釣る,えびでたい(海老で鯛),卍
514,先入観をもって人や物を見ることを「何で見る」というでしょう？,□□□□□で見る(ひらがな),いろめがね(色眼鏡),卍
515,思わぬ妨げや困難のために物事の進行が止まることを船にたとえて「何に乗り上げる」というでしょう？,□□□□□に乗り上げる(ひらがな),あんしょう(暗礁),卍
516,陰で苦労や努力をしている人。「何の力持ち」というでしょう？,□□□□□の力持ち(ひらがな),えんのした(縁の下),卍
517,気が合う者や似た者同士は自然に集まるということを,類は□□□□□(ひらがな),ともをよぶ(友を呼ぶ),卍
518,勝負事などで最初の２回は失敗しても３回目はうまくいくということを何というでしょう？,□□□□□の正直(ひらがな),さんどめの(三度目),卍
519,優れた人にあやかろうとすることを「何を煎じて飲む」というでしょう？,□□□□□を煎じて飲む(ひらがな),つめのあか(爪の垢),卍
520,不用意な発言は慎むべきであるという戒めの言葉は何というでしょう？,目は口程に□□□□□(ひらがな),ものをいう(物を言う),卍
521,「年長者の経験は尊重すべきである」という意味のことわざは「亀の甲より何」でしょう？,亀の甲より□□□□□(ひらがな),としのこう(年の劫(功)),卍
522,お世話になった相手に害を与えることを「何で返す」というでしょう？,□□□□□で返す(ひらがな),おんをあだ(恩を仇),卍
523,悪いことや失敗をして、ひどく怒られることを顔の一部を使って「何を食らう」というでしょう？,□□□□□を食らう(ひらがな),おおめだま(大目玉),卍
524,意外な所から意外なものが現れることを何というでしょう？,□□□□□から駒(ひらがな),ひょうたん,卍
525,大相撲の最も下の位の名前にもなっている物事が始まったばかりのところを指す言葉は何でしょう？,□□□□□(ひらがな),じょのくち(序の口),卍
526,今が良ければ後はどうなっても構わないということを何というでしょう？,後は野となれ□□□□□(ひらがな),はなとなれ(花となれ),卍
527,日本の気候を表したことわざ何というでしょう？,暑さ寒さも□□□□□(ひらがな),ひがんまで(彼岸まで),卍
528,二人が争っているすきにつけ込んで第三者が利益を横取りすることを何というでしょう？,□□□□□(ひらがな),ぎょふのり(漁夫の利),卍
529,闘いは勝った方がすべて正義になるという意味の言葉は何でしょう？,□□□□□負ければ賊軍,勝てば官軍,卍
530,格闘技などで有望な選手の引き立て役として対戦させられる弱い相手のことを動物にたとえて何というでしょう？,□□□□□(ひらがな),かませいぬ(噛ませ犬),卍
531,幼い頃の性格は年をとっても変わらないことを「何の魂 百まで」というでしょう？,□□□□□百まで,三つ子の魂,卍
532,仲間として生活をともにすることを何というでしょう？,□□□□□を食う,同じ釜の飯,卍
533,思い切って大きな決断をすることをたとえて、どこから飛び下りるという？,□□□□□から飛び降りる,清水の舞台,卍
534,あきれ返ってものが言えないことを「何が塞がらない」というでしょう？,□□□□□が塞がらない(ひらがな),あいたくち(開いた口),卍
535,大きくなっても経済的に自立できない子供のことを「何をかじる」というでしょう？,□□□□□をかじる(ひらがな),おやのすね(親のすね),卍
536,すべての人や物事は栄えたり衰えたりするということを四字熟語で何というでしょう？,□□□□□必衰(ひらがな),じょうしゃ(盛者),卍
537,新たに成功を成し遂げて、悪い評判を打ち消すことを四字熟語で何というでしょう？,汚名□□□□□(ひらがな),へんじょう(返上),卍
538,アメリカの教育家クラーク博士が残した有名な言葉は何でしょう？,少年よ□□□□□,大志を抱け,卍
539,「家がなくなった」という書き出しで始まる、お笑いコンビ、麒麟の田村裕の自伝は何？,□□□□□中学生,ホームレス,卍
540,旅に出た青年画家を主人公に、非人情の境地を描いた夏目漱石の小説は何？,□□□□□,くさまくら(草枕),卍
541,小学四年生、はじめは盗んだイワシを、後に拾った松茸や栗を届けた、百姓兵十（ひょうじゅう）とキツネのお話といえば？,□□□□□,ごんぎつね,卍
542,弥次さんと喜多さんの旅を描いた東海道中膝栗毛の作者は？,□□□□□,十返舎一九,卍
543,アニメ「進撃の巨人」でアニメ第1期の初期のオープニング曲は何でしょう？,□□□□□,紅蓮の弓矢,卍
544,２０００年にシングル「楽園」でブレイクした実力派シンガーで、紅白歌合戦では中継で「大きな古時計」を歌ったのは誰？,□□□□□,ひらいけん(平井堅),卍
545,ポリス、オークリー、レイバンといえば、どんなファッションアイテムで有名なブランド？,□□□□□,サングラス,卍
546,洋服、横縞はボーダー、縦じまは？,□□□□□,ストライプ,卍
547,化粧品で水や汗に濡れても落ちにくくなっているものを何というでしょう？,□□□□□プルーフ,ウォーター,卍
548,円周率を小数第5位を四捨五入して小数第4位まで答えよ。,□.□□□□,31416,卍
549,長方形の帯を捻って貼り合わせることで作られる表裏のない図形のことを、考案者の名前から何という？,□□□□□輪,メビウスの,卍
550,土地の面積を計る時に用いられる、10000平方メートルを1とするメートル法の面積の単位はといえば？,□□□□□,ヘクタール,卍
551,1から200までの和はいくらになる？,□□□□□,20100,卍
552,「-4」なら「4」のように、0からどれだけ離れているかを表す数を何という？,□□□□□(ひらがな),ぜったいち(絶対値),卍
553,テレホンカードのように一定金額を事前に払ってから使うカードのことを何カードというでしょう？,□□□□□カード,プリペイド,卍
554,地味ながらも味わいのある人物のことをある金属にたとえて何というでしょう？,□□□□□(ひらがな),いぶしぎん(いぶし銀),卍
555,ギリシャで採火された火を、オリンピックの開催地まで運ぶ行事のことを何という？,□□□□□,聖火リレー,卍
556,トランプのゲームでカードを配る人と自動車の販売業者を指す共通の英語は何でしょう？,□□□□□,ディーラー,卍
557,季節によって吹く方向が変わる「季節風」のことをアラビア語に由来する言葉で何というでしょう？,□□□□□,モンスーン,卍
558,普通の新聞紙の半分の大きさのサイズの新聞のことを特に何版というでしょう？,□□□□□版,タブロイド,卍
559,フランス語で「通り過ぎる」という意味の「passe(パッセ)」と、港を表す「port(ポール)」の合成語で、国外に出るときに必ず必要なものといえば何？,□□□□□,パスポート,卍
560,語で「目新しい物」という意味をもつ宣伝用に企業名を入れたグッズを何という？,□□□□□グッズ,ノベルティ,卍
561,集合住宅で一世帯が二つの階にまたがっているものをフランス語で何というでしょう？,□□□□□,メゾネット,卍
562,フランス語で「国家への一撃」という意味がある武力などの非合法な手段で政権を奪うことを何というでしょう？,□□□□□,クーデター,卍
563,要求をかなえるために労働者達が団結して仕事や作業を放棄する行為で、２００４年プロ野球でも行なわれたことをカタカナ５文字で何という？,□□□□□,ストライキ,卍
564,おおむね１１歳から１４歳ごろに第二次性徴と共に起こる、特に男声は声の高さが1オクターブ程度低くなることを何という。,□□□□□(ひらがな),こえがわり(声変わり),卍
565,新聞を切り抜くのはスクラップ、では携帯電話につけるひも及びアクセサリーをなんと言う？,□□□□□,ストラップ,卍
566,郵便を差し出す為に設置されてる郵便ポストの正式名称は何？,□□□□□,郵便差出箱,卍
567,「山と言えば川」のようにお互いが味方であることを確認するため前もって決めておく言葉を何というでしょう？,□□□□□,あいことば(合言葉),卍
568,忍者などが的に投げつけて使用する十字形や卍型をした鉄製の武器を何というでしょう？,□□□□□,しゅりけん(手裏剣),卍
569,童謡の題名にもなっている ほのかに霞んだ月が出ている春の夜のことを何というでしょう？,□□□□□,おぼろ月夜,卍
570,一家の中で妻の方が夫よりも強い権力を持っていることを何というでしょう？,□□□□□,かかあ天下,卍
571,思いでがよみがえる時のたとえに用いられる灯篭の一種を、「馬」という字を使って何というでしょう？,□□□□□(ひらがな),そうまとう(走馬灯),卍
572,主にタオル地で作られた 湯上りに着るゆったりとした部屋着のことを英語で何というでしょう？,□□□□□,バスローブ,卍
573,都市部の気温が周辺部よりも異常に高くなる現象を等温線が島のように見えることから何というでしょう？,ヒート□□□□□現象,アイランド,卍
574,明治２０年の帝国大学令に基づく国立の総合大学で、現在一般に「旧七帝大」といわれるのは、東京大学、京都大学、東北大学、九州大学、北海道大学、大阪大学とあと1つはどこ？,□□□□□,名古屋大学,卍
575,フランスのある大蔵大臣が極端な誓約を唱え、肖像画も黒影で十分だと主張したことから、輪郭内が真っ黒に塗りつぶされた絵のことを彼の名を取って何という？,□□□□□,シルエット,卍
576,西洋建築の屋根の上に取り付けられた鳥の形をした風向計を何というでしょう？,□□□□□(ひらがな),かざみどり(風見鶏),卍
577,お酒を飲んで大騒ぎすることを太鼓や鉦（しょう）の音を使って「何騒ぎ」というでしょう？,□□□□□騒ぎ,どんちゃん,卍
578,厚生労働省の認可を受けた食品の「トクホ」とは何という言葉を略したものでしょう？,□□□□□食品,特定保健用,卍
579,筒切りにしたダイコンやニンジンを回しながら帯状に薄くむいていく方法を何というでしょう？,□□□□□(ひらがな),かつらむき,卍
580,大統領や内閣総理大臣の夫人のことを英語で「何レディー」というでしょう？,□□□□□レディー,ファースト,卍
581,スピーカーの音をマイクが拾ってアンプで増幅。この繰り返しからキーンと音が出ることを何という？,□□□□□,ハウリング,卍
582,労働基準法で定められている、休んでも出勤と同じように賃金が支払われる休暇のことを何というでしょう？,□□□□□休暇,ゆうきゅう(有給),卍
583,1947年に定められた、義務教育や男女共学に関する法律は何？,□□□□□,教育基本法,卍
584,生活に困窮する国民に対し、最低限必要な保護を国が行うことを定めた法律を何という？,□□□□□,生活保護法,卍
585,自動車に６歳未満の子供を乗せるときに設置が義務づけられているのは何シート？,□□□□□シート,チャイルド,卍
586,1960年に定められた交通ルールに関する法律は何法？,□□□□□,道路交通法,卍
587,1947年に制定された、労働時間や賃金などについて定めた法律は何？,□□□□□,労働基準法,卍
588,1993年に公布された、環境保全についての基本理念を定めた法律は何？,□□□□□,環境基本法,卍
589,地形図を発行している国土交通省の特別な機関は？,□□□□□,国土地理院,卍
590,地方自治法などを元に制定された、衆議院・参議院・地方議会の議員を決める際に関わる法律といえば？,□□□□□,公職選挙法,卍
591,法律や処分が憲法に違反していないかどうかを審査する役割を持つ、日本の司法権の最高機関はどこ？,□□□□□,最高裁判所,卍
592,水産資源を独占できる「排他的経済水域」といえば、国の領土からどこまでの範囲？,□□□□□,200海里,卍
593,独自の技術や製品で急成長していく新しい企業のことを「冒険」という意味の英語を用いて何というでしょう？,□□□□□企業,ベンチャー,卍
594,日経平均株価の「日経」は日本経済新聞の略ですが、東証株価の「東証」は何の略でしょう？,東京□□□□□,証券取引所,卍
595,高度経済成長期の日本で起きた「四大公害病」とは、水俣病、イタイイタイ病、四日市ぜんそくと何？,□□□□□,新潟水俣病,卍
596,毎年世界長者番付を発表していることで知られる、1917年に創刊されたアメリカの経済誌は何？,□□□□□,フォーブス,卍
597,一晩で天まで届いた木を登って雲の上の巨人を倒した少年を主人公とするイギリスの童話は何でしょう？,□□□□□豆の木,ジャックと,卍
598,飼い主に捨てられたロバ、イヌ、ネコ、ニワトリを主人公とするグリム童話の物語は何でしょう？,□□□□□の音楽隊,ブレーメン,卍
599,「西遊記」に出てくる金角大王と銀角大王が大事にしている人間を吸い込んでしまう植物と言えば何？,□□□□□(ひらがな),ひょうたん,卍
600,パソコンで、マウスホイールなどを使って、画面の表示内容を上下左右に移動させる操作を何という？,□□□□□,スクロール,卍
601,『本の雑誌40号』に投稿した読者の名前に由来する、本屋に入るとトイレ（大）に行きたくなる現象を何という？,□□□□□現象,青木まりこ,スプーキーブーギー
602,ゲーム理論における概念の一つ。個人が自分の利益だけを追求し、全体の利益の最大化につながらず、結果的に損することを〇〇〇〇〇のジレンマという。,□□□□□(ひらがな)のジレンマ,しゅうじん(囚人),スプーキーブーギー
603,名前がanti-abuse に由来し、アルコール依存症の治療に用いられる嫌酒薬は？,□□□□□,アンタブス,スプーキーブーギー
604,人形ロボットなどの見た目や動作が人間に似てくるにつれてそのロボットに対する好感度がアップするが、ある時点でそれが逆に強い嫌悪感に変わってしまい、さらに似せて本物の人間に限りなく近づけると一転して再び好感度を取り戻す現象のことを○○○○○という。,□□□□□,不気味の谷,スプーキーブーギー
605,立春から数えて八十八日目の夜に降りる霜のことを何という？,八十八夜の□□□□□(ひらがな),わかれじも(別れ霜),スプーキーブーギー
607,DNAの二重らせん構造を解明したフランシス•クリックによって1958年に提唱された、生物の持つ遺伝情報が、DNA→mRNA→タンパク質の順に伝達される原則を何という？,□□□□□ドグマ,セントラル,スプーキーブー
608,山頂付近で太陽を背にして立つと、自分の影が霧や雲に投影されて巨大に映り、その周囲に虹のような光の輪が見える現象を何という？,□□□□□現象,ブロッケン,スプーキーブー
609,脳への血流が不足して起こる目眩の一種で、目の前が真っ暗になり一時的に意識が遠のく症状のことを何という？,□□□□□,眼前暗黒感,スプーキーブー
610,医学的には「双胎一児死亡」と呼ばれる、双胎妊娠が判明した後、初期の段階で一方の胎児が流産になることを何という？,□□□□□ツイン,バニシング,スプーキーブー
611,複数の国々に拠点を持っている巨大な企業のこと何ということでしょう？,□□□□□,多国籍企業,スプーキーブーギー
612,かつては「先進国(せんしんこく)」に対して、「後進国(こうしんこく)」という言葉が使われていた、経済成長が途上とされる国を何という？,□□□□□,発展途上国,スプーキーブーギー
613,人間の角膜に密着させて視力の矯正に用いる薄型のレンズのことを何というでしょう？,□□□□□レンズ,コンタクト,卍
614,「out of place artificts(場違いな人工物)」からなる造語、その時代にそぐわない出土品、当時の技術では製作が不可能と考えらる加工品,□□□□□(カタカナ),オーパーツ,卍
615,イスラム美術にみられる、植物の蔓や葉、星などを図案化した幾何学的な文様を何という？,□□□□□,アラベスク,卍
616,特定の目的のために借り切った飛行機やバスのことを英語で何というでしょう？,□□□□□便,チャーター,卍
617,地質調査や温泉開発のため地中に深い穴を掘ることを、英語で何というでしょう？,□□□□□,ボーリング,卍
618,英語でアメリカ人は「アメリカン」、イタリア人は「イタリアン」といいますが、ドイツ人は何というでしょう？,□□□□□,ジャーマン,卍
619,ある個人や団体を激しく非難することを「たたくこと」という意味の英語で何というでしょう？,□□□□□,バッシング,卍
620,野球やボクシングなどスポーツ競技の左利き選手や、楽器などの左利き演奏者のことを何という？,□□□□□,サウスポー,卍
621,ペアーズ、タップル、ティンダーなどは何アプリと言われている？,□□□□□アプリ,マッチング,卍
622,一昔前のテレビやパソコンのディスプレイに用いられた装置のことを、発明者の名にちなんで何という？,□□□□□,ブラウン管,卍
623,インターネットURLに使われる「WWW」の、2つ目のWは「Wide」 3つ目は「Web」。では1つ目は？,□□□□□,WORLD,卍
624,Twitter、Facebookなどを指す言葉「SNS」の最初のSは？,□□□□□(カタカナ),ソーシャル,卍
625,老化を防止するために行われる医療や美容のことを「加齢への抵抗」という意味の英語で何というでしょう？,アンチ□□□□□,エイジング,卍
626,　淡水魚も海水魚も住める水,□□□□□,好適環境水,卍
627,パソコン(PC)、パソコンのコンはコンピュータの略です。ではパソは何の略でしょう？,□□□□□コンピューター,パーソナル,卍
628,パソコンや電子機器の記憶容量で使われる単位「GB」は何の略？,□□□□□,ギガバイト,卍
629,コンピューターシステムの開発や設計を行う「SE」とは何という言葉の略でしょう？,システム□□□□□,エンジニア,卍
